id,url,title,translation
EN-001,https://www.coindesk.com/tech/2024/03/25/how-many-years-will-sbf-get-jurys-out-on-betting-platform-polymarket,How Many Years Will SBF Get? Jury's Out on Betting Platform Polymarket,Сколько лет дадут SBF? На платформе ставок Polymarket единого мнения нет
EN-002,https://cointelegraph.com/news/team-officially-re-establishes-dogecoin-foundation-after-6-years,Team officially reestablishes Dogecoin Foundation after 6 years,Команда официально воссоздала Dogecoin Foundation спустя 6 лет
EN-003,https://cryptopanic.com/news/8098102/Bitcoin-price-spikes-200-then-falls-on-Fed-rate-cut,Bitcoin price spikes $200 then falls on Fed rate cut,"Цена биткоина подскочила на $200, а затем упала после снижения ставки ФРС"
EN-004,https://decrypt.co/121243/ordinals-gain-momentum-with-76000-nfts-minted-to-bitcoin,"Ordinals Gain Momentum With 76,000 NFTs Minted to Bitcoin",Ordinals набирают обороты: в сети биткоина выпущено 76 000 NFT
EN-005,https://www.coindesk.com/markets/2021/01/13/analysts-are-gloomy-about-bitcoins-short-term-price-outlook-right-now,Analysts Are Gloomy About Bitcoin's Short-Term Price Outlook Right Now,Аналитики сейчас мрачно оценивают краткосрочные перспективы цены биткоина
EN-006,https://cryptopanic.com/news/5667264/post-5667264,"Analyst: In the summer, bitcoin is unlikely to demonstrate impressive dynamics",Аналитик: летом биткоин вряд ли покажет впечатляющую динамику
EN-007,https://decrypt.co/97442/72-of-financial-advisors-would-invest-more-in-crypto-if-spot-etf-were-available-nasdaq-survey,72% of Financial Advisors Would Invest More in Crypto If Spot ETF Were Available: Nasdaq Survey,"72% финансовых консультантов вложили бы больше в криптовалюты, если бы появился спотовый ETF, — опрос Nasdaq"
EN-008,https://www.coindesk.com/policy/2024/08/29/cash-to-crypto-industry-dominated-by-atms-is-a-law-enforcement-concern-trm-labs,Cash-to-Crypto Industry Dominated by ATMs Is a Law-Enforcement Concern: TRM Labs,"Отрасль обмена наличных на криптовалюту, где преобладают банкоматы, беспокоит правоохранительные органы, — TRM Labs"
EN-009,https://decrypt.co/209113/novel-wallet-is-a-book-that-hides-your-bitcoin,Novel Wallet Is a Book That Hides Your Bitcoin,"Необычный кошелёк — это книга, в которой спрятаны ваши биткоины"
EN-010,https://cryptopanic.com/news/9153839/Bitcoin-Ether-and-XRP-Weekly-Market-Update-June-22-2020,"Bitcoin, Ether, and XRP Weekly Market Update June 22, 2020","Биткоин, эфир и XRP: еженедельный обзор рынка, 22 июня 2020 года"
EN-011,https://cryptopanic.com/news/5485193/NYSE-Arca-Wilshire-SEC-ETF,NYSE Arca and Wilshire have applied to the SEC to launch Bitcoin-ETF,NYSE Arca и Wilshire подали в SEC заявку на запуск биткоин-ETF
EN-012,https://cointelegraph.com/news/ether-crypto-traders-price-expectations-spot-eth-etf,ETH traders should ‘expect the unexpected’ after ETF launch,Трейдерам ETH стоит «ожидать неожиданного» после запуска ETF
EN-013,https://www.coindesk.com/business/2020/10/12/coinbase-wallet-users-can-now-purchase-crypto-inside-the-app,Coinbase Wallet Users Can Now Purchase Crypto Inside the App,Пользователи Coinbase Wallet теперь могут покупать криптовалюту прямо в приложении
EN-014,https://www.coindesk.com/business/2024/04/25/microstrategy-could-merit-sp-500-inclusion-if-it-adopts-new-accounting-rules-benchmark,MicroStrategy Could Merit S&P 500 Inclusion If It Adopts New Accounting Rules: Benchmark,"MicroStrategy может заслужить включение в S&P 500, если перейдёт на новые правила бухучёта, — Benchmark"
EN-015,https://cryptopanic.com/news/6448307/Crypto-Market-Is-On-The-Thin-Ice-Top-Last-Week-BTC-ETH-XRP-Price-Predictions-From-Youtube,"Crypto Market Is On The Thin Ice: Top Last Week BTC, ETH, XRP Price Predictions From Youtube","Криптовалютный рынок на тонком льду: главные прогнозы цен BTC, ETH и XRP с YouTube за прошлую неделю"
EN-016,https://www.coindesk.com/markets/2020/10/10/bitcoin-nears-115k-on-us-stimulus-prospects-seems-to-confirm-bullish-trend,"Bitcoin Nears $11.5K on US Stimulus Prospects, Seems to Confirm Bullish Trend","Биткоин приближается к $11,5 тыс. на фоне ожиданий стимулирующих мер в США и, похоже, подтверждает бычий тренд"
EN-017,https://decrypt.co/90265/jack-dorsey-announces-legal-defense-fund-bitcoin-developers,Jack Dorsey Announces a Legal Defense Fund for Bitcoin Developers,Джек Дорси объявил о создании фонда юридической защиты разработчиков биткоина
EN-018,https://cryptonews.com/news/mastercards-nft-product-lead-resigns-leaves-behind-surprising-farewell-gift/,"Mastercard’s NFT Product Lead Resigns, Leaves Behind a Surprising Farewell Gift",Руководитель NFT-направления Mastercard уволился и оставил неожиданный прощальный подарок
EN-019,https://cryptonews.com/news/sec-chair-gary-gensler-remains-tight-lipped-on-future-of-spot-bitcoin-etfs/,SEC Chair Gary Gensler Remains Tight-Lipped on Future of Spot Bitcoin ETFs,Председатель SEC Гэри Генслер по-прежнему молчит о будущем спотовых биткоин-ETF
EN-020,https://cryptopanic.com/news/3044673/Ethereums-Vlad-Zamfir-Claims-Milestone-In-Blockchain-Sharding,Ethereum's Vlad Zamfir Claims Milestone In Blockchain Sharding,Влад Замфир из Ethereum заявил о важном достижении в шардинге блокчейна
EN-021,https://decrypt.co/318571/kuwait-escalates-illegal-crypto-mining-crackdown-questioning-116,"Kuwait Escalates Illegal Crypto Mining Crackdown, Questioning 116",Кувейт ужесточает борьбу с незаконным криптомайнингом: допрошены 116 человек
EN-022,https://www.coindesk.com/business/2025/03/18/halliday-raises-usd20m-for-ai-protocol-to-eliminate-writing-smart-contracts-for-defi,AI Protocol Halliday Raises $20M to Help Developers 'Never Write a Smart Contract Again',"ИИ-протокол Halliday привлёк $20 млн, чтобы разработчикам «больше никогда не пришлось писать смарт-контракты»"
EN-023,https://decrypt.co/97593/solana-nfts-rarible-marketplace-following-opensea,Solana NFTs Now Heading to Rarible Following OpenSea Debut,NFT на Solana после дебюта на OpenSea появятся и на Rarible
EN-024,https://cryptonews.com/news/very-few-transactions-happen-on-crypto-unless-its-drugs-minneapolis-fed-president/,"“Very Few Transactions Happen on Crypto, Unless it’s Drugs:” Minneapolis Fed President","Глава ФРБ Миннеаполиса: «В криптовалютах проходит очень мало транзакций, если только речь не о наркотиках»"
EN-025,https://cointelegraph.com/news/polkadot-to-debut-parachain-auctions-after-governance-vote,Polkadot to debut parachain auctions after governance vote,Polkadot запустит аукционы парачейнов после голосования по управлению сетью
EN-026,https://cryptopanic.com/news/3633472/Bitcoin-Price-Analysis-Nov11-Support-holds-still-dangerous,"Bitcoin Price Analysis Nov.11: Support holds, still dangerous","Анализ цены биткоина, 11 ноября: поддержка держится, но всё ещё опасно"
EN-027,https://cryptonews.com/news/fartcoin-pumps-20-is-100-really-possible-price-prediction-solx/,Fartcoin Pumps 20% – Is $100 Really Possible? (Price Prediction),Fartcoin взлетел на 20% — реальны ли $100? (прогноз цены)
EN-028,https://decrypt.co/62580/interest-in-nfts-has-reached-2017-ico-levels,NFT Google Searches Have Reached 2017 ICO Levels,Число поисковых запросов «NFT» в Google достигло уровня ICO 2017 года
EN-029,https://www.coindesk.com/business/2023/06/20/deutsche-bank-applies-for-digital-asset-license-in-germany-as-tradfi-pushes-further-into-crypto,Deutsche Bank Applies for Digital Asset License in Germany as TradFi Pushes Further Into Crypto,Deutsche Bank подал заявку на лицензию на цифровые активы в Германии: традиционные финансы всё глубже входят в криптовалюты
EN-030,https://www.coindesk.com/markets/2021/12/02/bitcoin-struggles-near-resistance-support-at-53k,Bitcoin Struggles Near Resistance; Support at $53K,Биткоин буксует у уровня сопротивления; поддержка — $53 тыс.
EN-031,https://cryptopanic.com/news/4426715/Bitcoin-doesnt-incentivize-green-energy,Bitcoin doesn’t incentivize green energy,Биткоин не стимулирует развитие зелёной энергетики
EN-032,https://cryptopanic.com/news/8579976/TOP-3-Bitcoin-and-Crypto-News-for-Today-23-April,TOP 3 Bitcoin and Crypto News for Today: 23 April,"Топ-3 новостей о биткоине и криптовалютах за сегодня, 23 апреля"
EN-033,https://www.coindesk.com/markets/2020/06/02/no-marvin-ammori-coindesk-is-not-trying-to-extort-you,"No, Marvin Ammori, CoinDesk Is Not Trying to Extort You","Нет, Марвин Аммори, CoinDesk не пытается вас шантажировать"
EN-034,https://cointelegraph.com/news/web3-has-permanently-changed-how-marketing-works,Web3 has permanently changed how marketing works,"Web3 навсегда изменил то, как работает маркетинг"
EN-035,https://decrypt.co/115421/bitcoin-will-become-less-important-cybercrime-payments-kaspersky,Bitcoin Will Become ‘Less Important’ for Cybercrime Payments: Kaspersky,"Биткоин станет «менее важным» для платежей киберпреступников, — «Лаборатория Касперского»"
EN-036,https://cointelegraph.com/news/uganda-s-gold-discovery-what-it-could-mean-for-crypto,Uganda’s gold discovery: What it could mean for crypto,Открытие золота в Уганде: что это может значить для криптовалют
EN-037,https://cryptopanic.com/news/9216947/Ethereum-Price-Analysis-ETH-Dropped-Below-a-3-Month-Rising-Trend-As-Bears-Start-to-Settle-Whats-Next,"Ethereum Price Analysis: ETH Dropped Below a 3-Month Rising Trend As Bears Start to Settle, What’s Next?","Анализ цены Ethereum: ETH опустился ниже трёхмесячного восходящего тренда, медведи начинают закрепляться. Что дальше?"
EN-038,https://decrypt.co/62509/will-grayscale-convert-gbtc-to-a-bitcoin-etf,Will Grayscale Convert GBTC to a Bitcoin ETF?,Преобразует ли Grayscale фонд GBTC в биткоин-ETF?
EN-039,https://cointelegraph.com/news/story-launches-experimental-framework-allowing-ai-agents-to-interact-on-chain,Story introduces experimental framework for AI agents to interact onchain,Story представил экспериментальный фреймворк для взаимодействия ИИ-агентов с блокчейном
EN-040,https://cryptopanic.com/news/3525104/Ernst-Young-Ethereum,Ernst & Young adapted evidence with zero disclosure for Ethereum,Ernst & Young адаптировала «доказательства с нулевым разглашением» для Ethereum
EN-041,https://www.coindesk.com/policy/2023/05/26/crypto-exchange-coinones-former-exec-acknowledges-bribery-charges-in-south-korea-report,Crypto Exchange Coinone's Former Exec Acknowledges Bribery Charges in South Korea: Report,Бывший топ-менеджер криптобиржи Coinone признал обвинения во взяточничестве в Южной Корее — СМИ
EN-042,https://decrypt.co/303457/bitcoin-bull-howard-lutnick-defends-tether-senate,Bitcoin Bull Howard Lutnick Defends Tether in Senate Hearing—But Supports Stablecoin Audits,"Биткоин-оптимист Говард Лютник защитил Tether на слушаниях в Сенате, но поддержал аудит стейблкоинов"
EN-043,https://blockworks.co/news/kucoin-mining-pool-halt-operations,KuCoin’s mining pool to halt operations ‘until further notice’,Майнинг-пул KuCoin приостанавливает работу «до дальнейшего уведомления»
EN-044,https://www.coindesk.com/opinion/2022/03/12/the-first-crypto-war-may-lead-to-lasting-peace,The First Crypto War May Lead to Lasting Peace,Первая криптовойна может привести к прочному миру
EN-045,https://www.coindesk.com/consensus-magazine/2022/12/05/introducing-consensus-magazine-putting-web3-in-perspective,Introducing Consensus Magazine: Putting Web3 in Perspective,Представляем Consensus Magazine: Web3 в перспективе
EN-046,https://www.coindesk.com/business/2020/01/30/zaps-new-product-lets-merchants-take-dollars-over-lightning-network,Zap's New Product Lets Merchants Take Dollars Over Lightning Network,Новый продукт Zap позволяет продавцам принимать доллары через Lightning Network
EN-047,https://www.coindesk.com/markets/2020/07/02/bitcoin-miners-saw-23-revenue-drop-in-june,Bitcoin Miners Saw 23% Revenue Drop in June,Выручка майнеров биткоина в июне упала на 23%
EN-048,https://www.coindesk.com/markets/2021/03/26/kentucky-governor-signs-tax-breaks-for-crypto-miners-into-law,Kentucky Governor Signs Tax Breaks for Crypto Miners Into Law,Губернатор Кентукки подписал закон о налоговых льготах для криптомайнеров
EN-049,https://cryptopanic.com/news/8937110/100-000,"The analyst expects an increase in bitcoin above $ 100,000 in the near future",Аналитик ожидает роста биткоина выше $100 000 в ближайшее время
EN-050,https://www.coindesk.com/policy/2022/04/14/us-officials-tie-north-korean-hacker-group-to-axies-ronin-exploit,US Officials Tie North Korea’s ‘Lazarus’ Hackers to $625M Crypto Theft,Власти США связали северокорейских хакеров Lazarus с кражей криптовалюты на $625 млн
EN-051,https://cointelegraph.com/news/sotheby-s-will-take-eth-bids-in-real-time-for-banksy-auction,Sotheby's will take ETH bids in real time for Banksy auction,Sotheby's будет принимать ставки в ETH в реальном времени на аукционе работы Бэнкси
EN-052,https://cryptopanic.com/news/151489/Russia-Blasts-Decision-to-Extradite-Alleged-Bitcoin-Money-Launderer,Russia Blasts Decision to Extradite Alleged Bitcoin Money Launderer,Россия резко раскритиковала решение об экстрадиции предполагаемого отмывателя денег через биткоин
EN-053,https://cointelegraph.com/news/bitcoin-will-survive-failure-of-any-giant-in-crypto-samson-mow-says,"Bitcoin will survive failure of ‘any giant’ in crypto, Samson Mow says","Биткоин переживёт крах «любого гиганта» криптоиндустрии, — Самсон Моу"
EN-054,https://blockworks.co/news/copper-in-midst-of-196m-funding-round,Copper in Midst of $196M Funding Round,Copper проводит раунд финансирования на $196 млн
EN-055,https://cryptopanic.com/news/5945525/Ripple-Price-Analysis-XRP-Continues-to-Battle-With-040-Level-as-Bulls-Gear-Up,Ripple Price Analysis: XRP Continues to Battle With $0.40 Level as Bulls Gear Up,"Анализ цены Ripple: XRP продолжает бороться с уровнем $0,40, быки готовятся к наступлению"
EN-056,https://cryptopanic.com/news/3064348/Tienes-hasta-4-opciones-para-ganar-ethers-con-Dice2win,You have up to 4 options to win Ethers with Dise2win,С Dise2win у вас есть до 4 способов выиграть эфир
EN-057,https://cointelegraph.com/news/jackson-tennessee-follows-miami-s-lead-to-adopt-bitcoin-operations,"Jackson, Tennessee follows Miami's lead to adopt Bitcoin operations",Джексон (Теннесси) вслед за Майами переходит к операциям с биткоином
EN-058,https://cointelegraph.com/news/chinese-chip-designer-reportedly-filed-for-50m-nasdaq-ipo,Chinese chip designer reportedly filed for $50M Nasdaq IPO,"Китайский разработчик чипов, по сообщениям, подал заявку на IPO на Nasdaq на $50 млн"
EN-059,https://blockworks.co/news/spot-crypto-trading-wall-street-interestschwab,Spot crypto trading to become ‘commoditized’ as Wall St. interest persists,Спотовая торговля криптовалютами станет «массовым товаром» на фоне сохраняющегося интереса Уолл-стрит
EN-060,https://cointelegraph.com/news/swiss-national-bank-president-doesnt-want-bitcoin-to-be-a-reserve-asset,"Bitcoin isn’t a worthy reserve asset, Swiss National Bank president says: Report","Биткоин не годится в резервные активы, — президент Швейцарского национального банка (СМИ)"
EN-061,https://cointelegraph.com/news/sushi-swap-team-treasury-takeover-looks-likely-amid-heated-debate,SushiSwap team treasury takeover looks likely despite heated debate,"Передача казны SushiSwap под контроль команды выглядит вероятной, несмотря на бурные споры"
EN-062,https://cryptopanic.com/news/1928752/-,"In New York, bankers protested against bitcoin",В Нью-Йорке банкиры выступили с протестом против биткоина
EN-063,https://cointelegraph.com/press-releases/why-compliance-transparency-and-security-are-the-key-pillars-to-huobi-trusts-custody-strategy,"Why compliance, transparency and security are the key pillars to Huobi Trust’s custody strategy","Почему соответствие требованиям, прозрачность и безопасность — главные опоры кастодиальной стратегии Huobi Trust"
EN-064,https://decrypt.co/218076/honduras-ban-crypto-bitcoin-versus-latin-central-america,"Honduras Bans Crypto in Banking, Bucking Regional Bitcoin Trends",Гондурас запретил криптовалюты в банковской сфере вопреки региональной тенденции к биткоину
EN-065,https://cointelegraph.com/news/crypto-com-s-cronos-partners-with-chainalysis-to-track-crc-20-tokens,Crypto.com’s Cronos partners with Chainalysis to track CRC-20 tokens,Cronos от Crypto.com заключил партнёрство с Chainalysis для отслеживания токенов CRC-20
EN-066,https://cointelegraph.com/news/google-running-crypto-ads-again-as-new-policy-goes-into-effect,Google running crypto ads again as new policy goes into effect,Google снова показывает криптовалютную рекламу: вступили в силу новые правила
EN-067,https://cryptopanic.com/news/10429263/Ethereum-miners-generated-214M-in-revenue-in-October,Ethereum miners generated $214M in revenue in October,Майнеры Ethereum получили в октябре $214 млн выручки
EN-068,https://cryptopanic.com/news/10464298/The-10-Public-Companies-With-the-Biggest-Bitcoin-Portfolios,The 10 Public Companies With the Biggest Bitcoin Portfolios,10 публичных компаний с самыми большими портфелями биткоина
EN-069,https://cointelegraph.com/news/eth-price-1-2-k-ethereum-pos-deflation-fees-all-time-lows,ETH price to $1.2K? Ethereum's PoS ‘deflation’ ends with fees at all-time lows,"Цена ETH до $1,2 тыс.? «Дефляция» Ethereum после перехода на PoS закончилась, комиссии на историческом минимуме"
EN-070,https://cryptonews.com/news/analysts-caution-coinbase-faces-significant-regulatory-pressure-despite-ripples-court-win/,Analysts Caution Coinbase Faces Significant Regulatory Pressure Despite Ripple’s Court Win,"Аналитики предупреждают: Coinbase испытывает серьёзное давление регуляторов, несмотря на победу Ripple в суде"
EN-071,https://decrypt.co/99901/nearly-half-global-bitcoin-holders-out-of-the-money-today,Nearly Half of Global Bitcoin Holders Out of the Money Today,Почти половина владельцев биткоина в мире сегодня в убытке
EN-072,https://www.coindesk.com/markets/2020/06/04/bloomberg-analysts-predict-20k-bitcoin-this-year,Bloomberg Analysts Predict $20K Bitcoin This Year,Аналитики Bloomberg прогнозируют биткоин по $20 тыс. в этом году
EN-073,https://blockworks.co/news/strike-rolls-out-shopify-partnership-facilitates-online-bitcoin-transactions,"Strike Rolls Out Shopify Partnership, Facilitates Online Bitcoin Transactions",Strike запустил партнёрство с Shopify и упрощает онлайн-платежи в биткоине
EN-074,https://www.coindesk.com/markets/2020/10/01/why-hardnosed-bitcoiners-can-learn-to-love-defi,Why Hardnosed Bitcoiners Can Learn to Love DeFi,Почему убеждённые биткоинеры могут полюбить DeFi
EN-075,https://www.coindesk.com/markets/2020/05/12/bitcoin-news-roundup-for-may-12-2020,"Bitcoin News Roundup for May 12, 2020",Обзор новостей о биткоине за 12 мая 2020 года
EN-076,https://cryptopanic.com/news/4791880/Binance-Coin-Price-Prediction-Will-Nice-Rally-Continue-in-March-2019,Binance Coin Price Prediction – Will Nice Rally Continue in March 2019?,Прогноз цены Binance Coin: продолжится ли хорошее ралли в марте 2019 года?
EN-077,https://www.coindesk.com/markets/2019/08/08/crypto-startup-alum-katherine-wu-joins-vc-firm-notation-capital,Crypto Startup Alum Katherine Wu Joins VC Firm Notation Capital,Выходец из криптостартапа Кэтрин Ву перешла в венчурную компанию Notation Capital
EN-078,https://www.coindesk.com/markets/2023/09/01/lira-backed-tryb-token-becomes-worlds-second-largest-non-dollar-pegged-stablecoin,Lira-Backed TRYB Token Becomes World's Second-Largest Non-Dollar-Pegged Stablecoin,Обеспеченный лирой токен TRYB стал вторым по величине в мире стейблкоином среди привязанных не к доллару
EN-079,https://cointelegraph.com/news/uzbekistan-has-no-plans-to-ease-crypto-payments-ban-says-official,"Uzbekistan has no plans to ease crypto payments ban, says official","Узбекистан не планирует смягчать запрет на криптоплатежи, — чиновник"
EN-080,https://cointelegraph.com/news/rwa-tokenization-panel-paris-blockchain-week-2025,Real estate not the best asset for RWA tokenization — Michael Sonnenshein,"Недвижимость — не лучший актив для токенизации реальных активов (RWA), — Майкл Зонненшайн"
EN-081,https://decrypt.co/223991/dogwifhat-wif-flips-pepe-all-time-high,"Dogwifhat Hits All-Time High, Flips Pepe as Meme Coins Soar",Dogwifhat обновил исторический максимум и обошёл Pepe на фоне взлёта мемкоинов
EN-082,https://www.coindesk.com/business/2022/04/28/telegram-adds-crypto-to-messaging-app-opening-path-to-payments,"Crypto Added to Telegram by TON Stewards, Opening Path to Payments","Кураторы TON добавили криптовалюту в Telegram, открыв путь к платежам"
EN-083,https://cryptopanic.com/news/9519575/4500000-Bitcoin-Ransom-Paid-by-Travel-Giant-CWT,"$4,500,000 Bitcoin Ransom Paid by Travel Giant CWT","Туристический гигант CWT заплатил выкуп в биткоинах на $4,5 млн"
EN-084,https://cryptopanic.com/news/8299287/Bitcoin-BTC-Price-Prediction-Expectations-for-Continued-Growth-to-7000-or-Decline-to-5500,"Bitcoin (BTC) Price Prediction: Expectations for Continued Growth to $7,000 or Decline to $5,500?",Прогноз цены биткоина (BTC): продолжение роста до $7000 или снижение до $5500?
EN-085,https://cointelegraph.com/news/breaking-bsv-reportedly-suffers-massive-51-attack,Breaking: BSV reportedly suffers ‘massive’ 51% attack,"Срочно: BSV, по сообщениям, подверглась «массированной» атаке 51%"
EN-086,https://www.coindesk.com/business/2021/07/20/signature-bank-adds-63b-in-deposits-from-digital-asset-customers,Signature Bank Adds $6.3B in Deposits from Digital Asset Customers,"Signature Bank привлёк $6,3 млрд депозитов от клиентов, работающих с цифровыми активами"
EN-087,https://cryptopanic.com/news/5135210/Binance-is-delisting-Bitcoin-SV,Binance is delisting Bitcoin SV,Binance исключает Bitcoin SV из листинга
EN-088,https://www.coindesk.com/markets/2021/03/12/sushiswaps-sushi-seen-at-100-value-up-fivefold-from-current-level,"SushiSwap's SUSHI Seen at $100 Value, Up Fivefold From Current Level",SUSHI от SushiSwap оценивают в $100 — в пять раз выше текущего уровня
EN-089,https://cointelegraph.com/news/75-of-marathon-s-mining-fleet-still-offline-two-weeks-after-huge-storm,75% of Marathon’s mining fleet still offline two weeks after huge storm,75% майнингового оборудования Marathon всё ещё не работает спустя две недели после мощного шторма
EN-090,https://cryptonews.com/news/elon-musk-to-back-cardano-hoskinson-hints-at-us-adoption-plan/,Elon Musk to Back Cardano? Hoskinson Hints at US Crypto Adoption Plans,Илон Маск поддержит Cardano? Хоскинсон намекает на планы по внедрению криптовалют в США
EN-091,https://decrypt.co/299978/texas-court-orders-bitcoin-investor-to-surrender-keys-to-124-million-stash,Texas Court Orders Bitcoin Investor to Surrender Keys to $124 Million Stash,Суд Техаса обязал биткоин-инвестора выдать ключи к запасу на $124 млн
EN-092,https://www.coindesk.com/markets/2019/07/08/bitcoin-price-nears-12k-after-rising-500-in-minutes,Bitcoin Price Nears $12K After Rising $500 in Minutes,"Цена биткоина приближается к $12 тыс., поднявшись на $500 за считаные минуты"
EN-093,https://www.coindesk.com/learn/how-are-institutions-and-companies-investing-in-crypto,How Are Institutions and Companies Investing in Crypto?,Как институциональные инвесторы и компании вкладываются в криптовалюты?
EN-094,https://cryptonews.com/news/bitcoin-nears-80k-forms-double-bottomis-a-major-reversal-ahead/,"Bitcoin Nears $80K, Forms Double Bottom—Is a Major Reversal Ahead?",Биткоин приближается к $80 тыс. и формирует «двойное дно» — впереди крупный разворот?
EN-095,https://decrypt.co/101293/nfl-mythical-games-play-and-own-nft-game-nfl-rivals,NFL and Mythical Games to Launch 'Play-and-Own' NFT Game 'NFL Rivals',NFL и Mythical Games запустят NFT-игру формата «играй и владей» NFL Rivals
EN-096,https://blockworks.co/news/ore-wins-50k-solana-hackathon,Solana congestion culprit Ore wins $50K from hackathon,"Ore, из-за которого перегрузилась сеть Solana, выиграл $50 тыс. на хакатоне"
EN-097,https://www.coindesk.com/markets/2023/08/15/first-mover-americas-hederas-token-gains-on-fed-move,First Mover Americas: Europe's First Spot Bitcoin ETF Opens in Holland,First Mover Americas: в Нидерландах открылся первый в Европе спотовый биткоин-ETF
EN-098,https://cryptopanic.com/news/7799647/Japan-gets-its-first-crypto-asset-index-for-institutional-investors,Japan gets its first crypto asset index for institutional investors,В Японии появился первый индекс криптоактивов для институциональных инвесторов
EN-099,https://cointelegraph.com/news/dcg-owes-creditors-over-3b-considering-500m-vc-portfolio-sale,"Breaking: DCG owes creditors over $3B, considering $500M VC portfolio sale",Срочно: DCG должна кредиторам более $3 млрд и рассматривает продажу венчурного портфеля на $500 млн
EN-100,https://www.coindesk.com/markets/2025/02/25/metaplanet-buys-135-more-bitcoin-to-become-a-top-15-publicly-traded-btc-holder,Metaplanet Buys Another 135 Bitcoin,Metaplanet купила ещё 135 биткоинов
EN-101,https://cointelegraph.com/news/global-central-bank-gold-rush-could-spark-bitcoin-price-run-to-new-all-time-highs,Global central bank gold rush could spark Bitcoin price run to new all-time highs,Скупка золота центробанками по всему миру может подтолкнуть цену биткоина к новым историческим максимумам
EN-102,https://decrypt.co/292324/bitcoin-all-time-high-price-nov19,"Bitcoin Hits New All-Time High Price Above $93,500",Биткоин обновил исторический максимум цены — выше $93 500
EN-103,https://cointelegraph.com/news/crypto-friendly-banking-app-now-one-of-europes-most-valuable-fintechs,Crypto-Friendly Banking App Now One of Europe's Most Valuable Fintechs,"Банковское приложение, дружественное к криптовалютам, вошло в число самых дорогих финтех-компаний Европы"
EN-104,https://cryptopanic.com/news/7578708/Ripples-Partner-MoneyGram-Breaks-Major-Transaction-Record-During-Holidays,Ripple's Partner MoneyGram Breaks Major Transaction Record During Holidays,"Партнёр Ripple, компания MoneyGram, побила крупный рекорд по транзакциям в праздники"
EN-105,https://www.coindesk.com/business/2021/09/06/former-huobi-exec-launches-25m-fund-seeking-to-bridge-cefi-defi-and-the-metaverse,"Former Huobi Exec Launches $25M Fund Seeking to Bridge CeFi, DeFi and the Metaverse","Бывший топ-менеджер Huobi запустил фонд на $25 млн, чтобы связать CeFi, DeFi и метавселенную"
EN-106,https://www.coindesk.com/markets/2019/08/01/r3-doubles-london-office-space-for-blockchain-hiring-spree,R3 Doubles London Office Space for Blockchain Hiring Spree,R3 удваивает площадь лондонского офиса ради массового найма блокчейн-специалистов
EN-107,https://cryptopanic.com/news/4299013/Market-Covered-by-Bullish-Wave-with-ETH-Still-Holding-Above-XRP-Showing-Potential-for-Further-Rise,"Market Covered by Bullish Wave with ETH Still Holding Above XRP, Showing Potential for Further Rise",Рынок охватила бычья волна: ETH по-прежнему держится выше XRP и показывает потенциал для дальнейшего роста
EN-108,https://cryptonews.com/news/elon-musks-verbal-outburst-sparks-surge-in-gfy-meme-coins/,Elon Musk’s Verbal Outburst Sparks Surge in ‘GFY’ Meme Coins,Словесная выходка Илона Маска вызвала взлёт мемкоинов «GFY»
EN-109,https://cointelegraph.com/news/coinbase-earnings-q4-revenue-surge-beat-analyst-expectations,Coinbase Q4 revenue surges 88% as Trump’s election boosts crypto prices,Выручка Coinbase в IV квартале взлетела на 88%: избрание Трампа подстегнуло цены криптовалют
EN-110,https://cointelegraph.com/news/nifty-news-weeknd-nft-collection-arm-space-ads-takashi-murakami-joins-revolution,"Nifty News: Weeknd NFT collection, arm space ads, Takashi Murakami joins revolution","Nifty News: NFT-коллекция The Weeknd, реклама на руке, Такаси Мураками присоединяется к революции"
EN-111,https://www.coindesk.com/business/2025/03/31/circle-hires-jp-morgan-citi-to-go-public-in-late-april-fortune,"USDC Issuer Circle Hires JPMorgan, Citi To Go Public in Late April: Fortune","Эмитент USDC компания Circle наняла JPMorgan и Citi для выхода на биржу в конце апреля, — Fortune"
EN-112,https://decrypt.co/314356/trump-tariff-chaos-benefit-bitcoin-grayscale,"Trump’s Tariff Chaos Might Actually Be Good for Bitcoin, Says Grayscale","Хаос с пошлинами Трампа на самом деле может пойти на пользу биткоину, — Grayscale"
EN-113,https://decrypt.co/286969/paypal-venmo-buy-crypto-moonpay,PayPal's Venmo Can Now Be Used to Buy Bitcoin and Ethereum via MoonPay,Через Venmo от PayPal теперь можно покупать биткоин и Ethereum с помощью MoonPay
EN-114,https://cointelegraph.com/news/aussie-asset-manager-to-offer-crypto-etf-using-unique-license-variation,Aussie asset manager to offer crypto ETF using unique license variation,"Австралийская управляющая компания предложит криптовалютный ETF, используя необычный вариант лицензии"
EN-115,https://www.coindesk.com/business/2020/02/14/coinbase-commerce-integrates-dai-cryptocurrency-for-merchant-payments,Coinbase Commerce Integrates Dai Cryptocurrency for Merchant Payments,Coinbase Commerce добавил криптовалюту Dai для платежей продавцам
EN-116,https://cointelegraph.com/news/alexandria-ocasio-cortez-says-us-lawmakers-shouldn-t-hold-crypto-to-remain-impartial,Alexandria Ocasio-Cortez says US lawmakers shouldn't hold crypto to 'remain impartial',"Александрия Окасио-Кортес считает, что законодателям США не следует владеть криптовалютой, чтобы «оставаться беспристрастными»"
EN-117,https://cointelegraph.com/news/price-analysis-1-27-spx-dxy-btc-eth-xrp-sol-bnb-doge-ada-link,"Price analysis 1/27: SPX, DXY, BTC, ETH, XRP, SOL, BNB, DOGE, ADA, LINK","Анализ цен, 27 января: SPX, DXY, BTC, ETH, XRP, SOL, BNB, DOGE, ADA, LINK"
EN-118,https://www.coindesk.com/markets/2021/05/11/doge-imitators-help-send-ethereum-transaction-fees-to-all-time-highs,DOGE Imitators Help Send Ethereum Transaction Fees to All-Time Highs,Подражатели DOGE помогли поднять комиссии за транзакции в Ethereum до исторических максимумов
EN-119,https://cointelegraph.com/news/immunefi-says-it-has-facilitated-66m-in-bug-bounty-payouts-to-whitehats-since-inception,Immunefi says it has facilitated $66M in bug bounties since inception,"Immunefi сообщает, что с момента основания помогла выплатить $66 млн вознаграждений за найденные уязвимости"
EN-120,https://cointelegraph.com/news/bitcoin-price-stays-24k-as-pce-data-helps-us-dollar-near-7-week-highs,Bitcoin price stays under $24K as PCE data helps US dollar to near 7-week highs,Цена биткоина остаётся ниже $24 тыс.: данные по индексу PCE помогли доллару США приблизиться к 7-недельным максимумам
EN-121,https://www.coindesk.com/markets/2022/12/12/crypto-markets-today-binance-a-target-of-federal-probe,Crypto Markets Today: Binance a Target of Federal Probe,Криптовалютные рынки сегодня: Binance стала объектом федерального расследования
EN-122,https://cointelegraph.com/news/dogecoin-follows-classical-charting-principle-which-hints-at-1-000-doge-rally,"Dogecoin follows ‘classical charting principle’ which hints at 1,000%+ DOGE rally","Dogecoin следует «классическому принципу графического анализа», который указывает на рост DOGE более чем на 1000%"
EN-123,https://cointelegraph.com/news/hoskinson-counters-buterin-pro-crypto-voting,Charles Hoskinson rejects Vitalik Buterin’s view on pro-crypto voting,Чарльз Хоскинсон отверг мнение Виталика Бутерина о голосовании за прокриптовалютных кандидатов
EN-124,https://cointelegraph.com/news/storm-trade-co-founder-we-aim-to-bring-financial-freedom-to-telegram-users-ama-recap,Storm Trade co-founder: ‘We aim to bring financial freedom to Telegram users’ — AMA recap,Сооснователь Storm Trade: «Мы стремимся дать пользователям Telegram финансовую свободу» — итоги AMA
EN-125,https://blockworks.co/news/stop-tokenizing-everything,Stop tokenizing everything,Хватит токенизировать всё подряд
EN-126,https://decrypt.co/145779/bitcoin-miner-cleanspark-claims-two-georgia-facilities-for-9-3-million,Bitcoin Miner CleanSpark Claims Two Georgia Facilities For $9.3 Million,"Биткоин-майнер CleanSpark приобрёл два объекта в Джорджии за $9,3 млн"
EN-127,https://www.coindesk.com/markets/2021/05/11/ecbs-panetta-claims-bitcoin-threatens-global-sustainability-efforts,ECB's Panetta Claims Bitcoin Threatens Global Sustainability Efforts,"Панетта из ЕЦБ заявил, что биткоин угрожает мировым усилиям в области устойчивого развития"
EN-128,https://cryptopanic.com/news/5237276/Samsung-Mulling-Developing-Blockchain-Network-Could-Launch-Samsung-Coinhttps://cryptopanic.com/news/5227751/Ethereum-Powered-Blockchain-and-Own-Coin-Release-Planned-by-Samsung,"Samsung Developing Ethereum-Based Blockchain, May Issue Own TokenSamsung Developing Ethereum-Based Blockchain, May Issue Own Token",Samsung разрабатывает блокчейн на базе Ethereum и может выпустить собственный токен (в оригинале заголовок повторён дважды)
EN-129,https://cryptonews.com/news/xrp-price-pumps-16-eyes-test-of-yearly-highs-near-1-0-as-crypto-community-discusses-potential-99-9-victory-for-ripple-versus-sec/,"XRP Price Pumps 16%, Eyes Test of Yearly Highs Near $1.0 as Crypto Community Discusses Potential 99.9% Victory for Ripple Versus SEC","Цена XRP взлетела на 16% и нацелилась на годовые максимумы около $1,0: криптосообщество обсуждает возможную победу Ripple над SEC с вероятностью 99,9%"
EN-130,https://cryptopanic.com/news/4628199/Bitcoin-Ether-and-XRP-Weekly-Market-Update-February-21-2019,"Bitcoin, Ether, and XRP Weekly Market Update: February 21, 2019","Биткоин, эфир и XRP: еженедельный обзор рынка, 21 февраля 2019 года"
EN-131,https://cryptopanic.com/news/3320172/SpankChain,Spankchain announced the successful return of the stolen cryptocurrency,Spankchain объявил об успешном возврате украденной криптовалюты
EN-132,https://cointelegraph.com/news/btc-price-66k-blackrock-us-banks-bitcoin-etf,BTC price bounces at $66K as BlackRock adds US banks to Bitcoin ETF,Цена BTC отскочила от $66 тыс.: BlackRock добавила американские банки в свой биткоин-ETF
EN-133,https://cryptopanic.com/news/8050742/Invest-1-In-Bitcoin-As-Warren-Buffett-Is-Wrong-Says-Virgin-Galactic-Chairman-Chamath-Palihapitiya,"Invest 1% In Bitcoin As Warren Buffett Is Wrong, Says Virgin Galactic Chairman Chamath Palihapitiya","Вложите 1% в биткоин — Уоррен Баффет неправ, — председатель Virgin Galactic Чамат Палихапития"
EN-134,https://www.coindesk.com/markets/2021/04/14/blockchain-startups-from-singapore-based-tribe-accelerator-raise-70m,Blockchain Startups From Singapore-Based Tribe Accelerator Raise $70M,Блокчейн-стартапы сингапурского акселератора Tribe привлекли $70 млн
EN-135,https://cryptonews.com/news/kenya-appoints-marathon-digital-as-consultant-for-cryptocurrency-regime-and-mining-energy-needs/,Kenya Appoints Marathon Digital as Consultant for Cryptocurrency Regime and Mining Energy Needs,Кения назначила Marathon Digital консультантом по регулированию криптовалют и энергоснабжению майнинга
EN-136,https://decrypt.co/244980/vitalik-buterin-animal-meme-coin-donation,"Ethereum Creator Vitalik Buterin Donates $500,000 from ‘Animal Coins’ to Charity",Создатель Ethereum Виталик Бутерин пожертвовал на благотворительность $500 000 от «звериных монет»
EN-137,https://www.coindesk.com/consensus-magazine/2024/03/08/robert-alice-made-nft-history-now-hes-writing-about-it,"Robert Alice Made NFT History, Now He’s Writing About It","Роберт Элис вошёл в историю NFT, а теперь пишет об этом"
EN-138,https://cointelegraph.com/news/bitcoin-hits-new-9-month-highs-above-28k-as-markets-flipflop-over-fomc,Bitcoin hits new 9-month highs above $28K as markets flipflop over FOMC,Биткоин обновил 9-месячный максимум выше $28 тыс. на фоне метаний рынков вокруг заседания FOMC
EN-139,https://cryptonews.com/news/bitcoin-smashes-through-97000-as-trump-team-signals-at-firs-ever-white-house-crypto-role/,"Bitcoin Smashes Through $97,000 As Trump Team Signals At First-Ever White House Crypto Role",Биткоин пробил $97 000: команда Трампа намекает на первую в истории должность по криптовалютам в Белом доме
EN-140,https://cryptonews.com/news/gaming-giant-wemades-controversy-hit-token-relisted-in-south-korea/,Gaming Giant WeMade’s ‘Controversy-hit’ Token ‘Relisted’ in South Korea,Скандальный токен игрового гиганта WeMade «вернули в листинг» в Южной Корее
EN-141,https://cryptopanic.com/news/7760702/BTC-BCH-DASH-BSV-Price-Prediction-Expecting-a-Bullish-Revival,"BTC, BCH, DASH, BSV Price Prediction - Expecting a Bullish Revival?","Прогноз цен BTC, BCH, DASH, BSV: ждать бычьего оживления?"
EN-142,https://cryptopanic.com/news/3734784/Bitcoin-SV,The Bitcoin SV network was attacked by reorganization,Сеть Bitcoin SV подверглась атаке с реорганизацией блоков
EN-143,https://cointelegraph.com/news/single-inactive-volcano-has-90-chance-of-powering-el-salvador-s-bitcoin-city-according-to-president,"Single inactive volcano has 90% chance of powering El Salvador's Bitcoin City, according to president","Один спящий вулкан с вероятностью 90% сможет обеспечить энергией Биткоин-сити в Сальвадоре, — президент"
EN-144,https://www.coindesk.com/tech/2023/07/11/cross-chain-protocol-axelar-to-develop-web3-services-with-microsoft-azure,Cross-Chain Protocol Axelar to Develop Web3 Services With Microsoft Azure,Кроссчейн-протокол Axelar будет разрабатывать сервисы Web3 вместе с Microsoft Azure
EN-145,https://www.coindesk.com/policy/2023/10/17/bahamian-prime-minister-asked-sam-bankman-fried-to-give-his-son-advice-on-nft-project,Bahamian Prime Minister Asked Sam Bankman-Fried to Give His Son Advice on NFT Project,Премьер-министр Багамских Островов просил Сэма Бэнкмана-Фрида дать совет его сыну по NFT-проекту
EN-146,https://cointelegraph.com/news/coinbase-presses-sec-change-rule-banning-staff-holding-crypto,Coinbase presses to axe rule banning SEC staff from holding crypto,"Coinbase добивается отмены правила, запрещающего сотрудникам SEC владеть криптовалютой"
EN-147,https://www.coindesk.com/policy/2024/03/29/binance-executives-file-suit-against-nigeria-local-media,Binance Executives File Suit Against Nigeria: Local Media,"Руководители Binance подали иск против Нигерии, — местные СМИ"
EN-148,https://cryptopanic.com/news/8927030/Samsung-Gemini,Samsung will add to its wallet support for Bitcoin-Birzhi Gemini Bitcoin,Samsung добавит в свой кошелёк поддержку биткоин-биржи Gemini (оригинал — неудачный машинный перевод)
EN-149,https://www.coindesk.com/markets/2022/04/12/us-inflation-jumps-to-fresh-4-decade-high-of-85-in-march,US Inflation Jumps to Fresh 4-Decade High of 8.5% in March,"Инфляция в США в марте подскочила до нового 40-летнего максимума — 8,5%"
EN-150,https://cryptonews.com/news/dogecoin-price-outlook-open-interest-drops-by-458m-is-doges-bullish-momentum-over/,Dogecoin Price Outlook: Open Interest Drops by $458M – Is DOGE’s Bullish Momentum Over?,Прогноз цены Dogecoin: открытый интерес снизился на $458 млн — бычий импульс DOGE закончился?
EN-151,https://www.coindesk.com/tech/2021/11/17/oasis-launches-160m-ecosystem-fund-with-backing-from-jump-capital-and-others,Oasis Launches $160M Ecosystem Fund With Backing From Jump Capital and Others,Oasis запустил экосистемный фонд на $160 млн при поддержке Jump Capital и других
EN-152,https://www.coindesk.com/markets/2019/05/29/telegram-based-crypto-wallet-app-now-allows-fiat-purchases,Telegram-Based Crypto Wallet App Now Allows Fiat Purchases,Криптокошелёк в Telegram теперь позволяет покупать за обычные (фиатные) деньги
EN-153,https://cryptopanic.com/news/9407292/As-other-inflation-hedges-enjoy-moment-in-the-sun-bitcoin-stays-stuck-in-the-doldrums,"As other inflation hedges enjoy moment in the sun, bitcoin stays stuck in the doldrums","Пока другие средства защиты от инфляции переживают звёздный час, биткоин застрял в затишье"
EN-154,https://cryptopanic.com/news/8268671/5-juegos-para-ganar-bitcoin-en-tiempos-de-cuarentena-por-coronavirus,5 juegos para ganar bitcoin en tiempos de cuarentena por coronavirus,"5 игр, чтобы заработать биткоин во время карантина из-за коронавируса (заголовок на испанском)"
EN-155,https://www.coindesk.com/markets/2021/02/12/fetchai-to-develop-decentralized-marketplace-for-global-manufacturer-festo,Fetch.ai to Develop Decentralized Marketplace for Global Manufacturer FESTO,Fetch.ai разработает децентрализованную торговую площадку для мирового производителя FESTO
EN-156,https://decrypt.co/292593/flare-co-founder-decentralized-data-will-power-future-value-of-crypto-industry,Flare Co-Founder: Decentralized Data Will Power ‘Future Value’ of Crypto Industry,Сооснователь Flare: децентрализованные данные станут основой «будущей ценности» криптоиндустрии
EN-157,https://blockworks.co/news/crypto-etps-saw-abysmal-returns-in-june,Crypto ETPs Saw ‘Abysmal’ Returns in June,Доходность криптовалютных биржевых продуктов (ETP) в июне оказалась «катастрофической»
EN-158,https://cryptopanic.com/news/4028212/Venezuela-Isnt-the-Crypto-Use-Case-You-Want-It-to-Be,Venezuela Isn’t the Crypto Use Case You Want It to Be,"Венесуэла — не тот пример применения криптовалют, каким вы хотели бы её видеть"
EN-159,https://www.coindesk.com/markets/2024/09/23/first-mover-americas-btc-eth-rise-in-muted-trading-to-start-the-week,"First Mover Americas: BTC, ETH Rise in Muted Trading to Start the Week",First Mover Americas: BTC и ETH растут в начале недели на вялых торгах
EN-160,https://cryptonews.com/news/hong-kongs-crypto-hub-ambitions-may-not-last-warns-chinese-crypto-pioneer/,Hong Kong’s Crypto Hub Ambitions May Not Last Warns Chinese Crypto Pioneer,"Амбиции Гонконга стать криптохабом могут оказаться недолгими, — предупреждает китайский криптопионер"
EN-161,https://blockworks.co/news/new-layer-1s-not-sustainable,Another New Layer-1? Starting All Over Again ‘Isn’t Sustainable’,Ещё один новый блокчейн первого уровня? Каждый раз начинать всё заново «не может продолжаться долго»
EN-162,https://cryptopanic.com/news/7782749/John-McAfee-Slams-Bitcoin-BTC-Hard-Community-Taken-Aback,"John McAfee Slams Bitcoin (BTC) Hard, Community Taken Aback","Джон Макафи жёстко раскритиковал биткоин (BTC), сообщество ошеломлено"
EN-163,https://cryptopanic.com/news/7308417/Tron-TRX-Comes-First-After-Bitcoin-in-Recent-Crypto-Twitter-Discussions-Report,Tron (TRX) Comes First After Bitcoin in Recent Crypto Twitter Discussions: Report,"Tron (TRX) — первый после биткоина по числу недавних обсуждений в криптотвиттере, — отчёт"
EN-164,https://cryptonews.com/news/uwu-lend-protocol-hacked-for-nearly-20-million-in-ongoing-cryptocurrency-exploit/,UwU Lend Protocol Hacked for Nearly $20 Million in Ongoing Cryptocurrency Exploit,"Протокол UwU Lend взломан почти на $20 млн, атака продолжается"
EN-165,https://cryptopanic.com/news/9280595/Active-Ethereum-users-double-in-Q2-2020-report,Active Ethereum users double in Q2 2020: report,"Число активных пользователей Ethereum во II квартале 2020 года удвоилось, — отчёт"
EN-166,https://www.coindesk.com/opinion/2023/08/02/has-the-bear-market-called-cryptos-bluff,Has the Bear Market Called Crypto's Bluff?,Медвежий рынок разоблачил блеф криптоиндустрии?
EN-167,https://cryptopanic.com/news/12864175/Custo-de-mineracao-do-Bitcoin-ao-redor-do-mundo,Bitcoin mining cost around the world,Себестоимость майнинга биткоина в разных странах мира
EN-168,https://blockworks.co/news/sec-postpones-decision-on-valkyrie-bitcoin-etf-to-august,SEC Postpones Decision on Valkyrie Bitcoin ETF to August,SEC перенесла решение по биткоин-ETF от Valkyrie на август
EN-169,https://cryptopanic.com/news/9484125/Who-are-Ethereums-co-founders-and-where-are-they-now,Who are Ethereum’s co-founders and where are they now?,Кто основал Ethereum и где эти люди сейчас?
EN-170,https://cryptopanic.com/news/7187403/Bitcoin-ATMs-catch-the-attention-of-the-IRS,Bitcoin ATMs catch the attention of the IRS,Биткоин-банкоматы привлекли внимание налоговой службы США (IRS)
EN-171,https://decrypt.co/120652/binance-launches-tax-tool-crypto-traders-france-canada,Binance Launches Tax Tool for Crypto Traders in France and Canada,Binance запустила налоговый инструмент для криптотрейдеров во Франции и Канаде
EN-172,https://cointelegraph.com/news/fixed-float-confirms-26m-exploit-bitcoin-ether,"FixedFloat confirms $26M exploit in Bitcoin, Ether",FixedFloat подтвердила взлом на $26 млн в биткоине и эфире
EN-173,https://cointelegraph.com/news/bitwise-launches-aptos-etp,Bitwise launches first Aptos staking ETP,Bitwise запустила первый биржевой продукт (ETP) на стейкинге Aptos
EN-174,https://cointelegraph.com/news/final-russian-nuclear-scientist-jailed-for-mining-bitcoin-at-work,Final Russian Nuclear Scientist Jailed For Mining Bitcoin At Work,Последний из российских учёных-ядерщиков приговорён к заключению за майнинг биткоина на работе
EN-175,https://www.coindesk.com/business/2023/03/28/cftc-could-force-binance-to-cease-us-operations-as-part-of-settlement-bernstein,CFTC Could Force Binance to Cease U.S. Operations as Part of Settlement: Bernstein,"CFTC может в рамках урегулирования вынудить Binance прекратить работу в США, — Bernstein"
EN-176,https://cointelegraph.com/news/fundamentally-smart-contracts-operate,We need to fundamentally change how smart contracts operate,"Нам нужно в корне изменить то, как работают смарт-контракты"
EN-177,https://www.coindesk.com/opinion/2025/01/22/the-taxman-is-watching-staying-ahead-of-the-new-rules,The Taxman Is Watching: Staying Ahead of the New Rules,Налоговики следят: как подготовиться к новым правилам заранее
EN-178,https://decrypt.co/79754/billionaire-investor-john-paulson-says-cryptocurrencies-will-eventually-prove-be-worthless,Billionaire Investor John Paulson Says Cryptocurrencies Will 'Eventually Prove to Be Worthless',"Инвестор-миллиардер Джон Полсон заявил, что криптовалюты «в итоге окажутся ничего не стоящими»"
EN-179,https://cointelegraph.com/news/price-analysis-7-22-btc-eth-bnb-xrp-ada-sol-doge-dot-matic-avax,"Price analysis 7/22: BTC, ETH, BNB, XRP, ADA, SOL, DOGE, DOT, MATIC, AVAX","Анализ цен, 22 июля: BTC, ETH, BNB, XRP, ADA, SOL, DOGE, DOT, MATIC, AVAX"
EN-180,https://blockworks.co/news/self-custody-wallets-need-identities,Democratic Rep Says Self-Custody Wallets Should Have Federal Digital Identities,"Конгрессмен-демократ считает, что некастодиальные кошельки должны быть привязаны к федеральным цифровым удостоверениям личности"
EN-181,https://cointelegraph.com/news/eigenlayer-eigen-token-unlock-looms-futures,"EigenLayer’s EIGEN token unlock looms, futures tip a $6.8B FDV","Приближается разблокировка токена EIGEN проекта EigenLayer; фьючерсы указывают на полную разводнённую капитализацию $6,8 млрд"
EN-182,https://cryptopanic.com/news/10489236/Cette-crypto-banque-pretait-du-Bitcoin-elle-fait-faillite-et-tout-nest-pas-tres-clair,"This cryptocurrency lent bitcoin ... It goes bankrupt, and everything is not very clear","Этот криптокредитор давал биткоины в долг… Он банкротится, и всё не очень ясно (оригинал — неудачный машинный перевод)"
EN-183,https://www.coindesk.com/policy/2023/09/15/doj-slams-sam-bankman-frieds-intrusive-proposed-jury-questions,DOJ Slams Sam Bankman-Fried’s ‘Intrusive’ Proposed Jury Questions,"Минюст США раскритиковал «навязчивые» вопросы к присяжным, предложенные Сэмом Бэнкманом-Фридом"
EN-184,https://cryptopanic.com/news/3016327/Lightning-Casa,The release of Lightning Nodes from the CASA project took place,Проект CASA выпустил ноды для Lightning
EN-185,https://cointelegraph.com/news/wyckoff-pattern-85k-btc-price-close-week-71-3k,"Bitcoin Wyckoff pattern eyes $85K, but BTC price must close the week above this level first","Паттерн Вайкоффа по биткоину указывает на $85 тыс., но сначала цена BTC должна закрыть неделю выше этого уровня"
EN-186,https://www.coindesk.com/tech/2019/07/16/cuba-libra-island-nation-slowly-explores-cryptocurrency-options,Cuba Libra? Island Nation Slowly Explores Cryptocurrency Options,Куба либра? Островное государство постепенно изучает возможности криптовалют
EN-187,https://cointelegraph.com/news/bearish-signals-grow-as-bitcoin-price-drops-to-35k-and-traders-ignore-the-dip,Bearish signals grow as Bitcoin price drops to $35K and traders ignore the dip,"Медвежьих сигналов всё больше: цена биткоина упала до $35 тыс., а трейдеры не обращают внимания на просадку"
EN-188,https://www.coindesk.com/tech/2023/03/02/shanghai-capella-shapella-how-ethereum-devs-now-refer-to-upcoming-upgrade,Shanghai + Capella = 'Shapella': How Ethereum Devs Now Refer to Upcoming Upgrade,Shanghai + Capella = «Shapella»: так разработчики Ethereum теперь называют предстоящее обновление
EN-189,https://www.coindesk.com/markets/2019/08/12/crypto-code-commits-remain-near-all-time-highs-despite-price-declines,"Crypto Code Commits Remain Near All-Time Highs, Despite Price Declines","Число коммитов в коде криптопроектов держится у исторических максимумов, несмотря на падение цен"
EN-190,https://cointelegraph.com/press-releases/vitalik-brian-armstrong-yat-siu-and-160-speakers-join-taipei-blockchain-week-2023,"Vitalik, Brian Armstrong, Yat Siu, and 160+ speakers join Taipei Blockchain Week 2023","Виталик, Брайан Армстронг, Ят Сиу и более 160 спикеров примут участие в Taipei Blockchain Week 2023"
EN-191,https://decrypt.co/65937/winklevoss-virtual-real-estate-nft-metaverse-the-sandbox,Winklevoss Twins Nab Virtual Real Estate in 'NFT Metaverse' The Sandbox,Близнецы Уинклвосс приобрели виртуальную недвижимость в «NFT-метавселенной» The Sandbox
EN-192,https://cryptopanic.com/news/4862384/EOS-20,"EOS co -founder: after 20 years, bitcoin will displace gold",Сооснователь EOS: через 20 лет биткоин вытеснит золото
EN-193,https://cryptopanic.com/news/7704743/XRP-Liquidity-Index-on-Bitso-Hits-Another-ATH-Will-MoneyGram-Set-Corridor-to-UAE,XRP Liquidity Index on Bitso Hits Another ATH ? Will MoneyGram Set Corridor to UAE?,Индекс ликвидности XRP на Bitso снова обновил исторический максимум. Откроет ли MoneyGram платёжный коридор в ОАЭ?
EN-194,https://www.coindesk.com/tech/2024/05/09/protocol-village,"Protocol Village: Cyber, Formerly CyberConnect, Unveils Social-Focused Layer 2 on OP Stack",Protocol Village: Cyber (бывший CyberConnect) представил ориентированный на соцсети блокчейн второго уровня на OP Stack
EN-195,https://www.coindesk.com/policy/2021/07/30/binance-to-wind-down-derivatives-in-europe-malaysia-orders-closure,Binance to Wind Down Derivatives in Europe; Malaysia Orders Closure,Binance сворачивает деривативы в Европе; Малайзия предписала прекратить работу
EN-196,https://www.coindesk.com/tech/2024/05/29/crypto-bridge-layerzero-connects-to-solana-blockchain,Crypto Bridge LayerZero Connects to Solana Blockchain,Криптомост LayerZero подключился к блокчейну Solana
EN-197,https://decrypt.co/239373/bitcoin-boom-us-recession-worse-than-projected,"Bitcoin Could Boom If US Recession Worse Than Projected, Says Analyst","Биткоин может резко вырасти, если рецессия в США окажется хуже прогнозов, — аналитик"
EN-198,https://decrypt.co/69745/vitalik-buterin-now-owns-more-than-1-billion-in-ethereum,Vitalik Buterin Now Owns More Than $1 Billion in Ethereum,Виталику Бутерину теперь принадлежит Ethereum более чем на $1 млрд
EN-199,https://cointelegraph.com/news/solana-outage-client-diversity-beta,Solana outage raises questions about client diversity and beta status,Сбой Solana поднял вопросы о разнообразии клиентов и статусе бета-версии
EN-200,https://blockworks.co/news/the-sec-is-the-number-one-blocker-says-chamber-of-digital-commerce-founder,"“The [SEC] is the Number One Blocker,” says Chamber of Digital Commerce Founder",Основатель Chamber of Digital Commerce: «[SEC] — главное препятствие»
EN-201,https://cointelegraph.com/news/regulatory-clarity-will-drive-the-next-bull-run-hedge-fund-co-founder,Regulatory clarity will drive the next bull run — Hedge fund co-founder,"Ясность в регулировании станет двигателем следующего бычьего рынка, — сооснователь хедж-фонда"
EN-202,https://blockworks.co/news/layer-2-solution-immutable-closes-60m-series-b-round,Layer-2 Solution Immutable Closes $60M Series B Round,Решение второго уровня Immutable закрыло раунд B на $60 млн
EN-203,https://cryptopanic.com/news/9273909/Altana-Digital-CIO-Reveals-Biggest-Threats-to-Bitcoin,Altana Digital CIO Reveals Biggest Threats to Bitcoin,Директор по инвестициям Altana Digital назвал главные угрозы для биткоина
EN-204,https://cryptopanic.com/news/6264666/CME-Group-Gemini,Cme Group will include Gemini quotes in its cryptocurrency indices,CME Group включит котировки Gemini в свои криптовалютные индексы
EN-205,https://cointelegraph.com/news/what-is-the-trust-wallet-and-how-do-you-use-it,What is the Trust Wallet and how do you use it?,Что такое Trust Wallet и как им пользоваться?
EN-206,https://www.coindesk.com/markets/2022/11/11/post-ftx-what-happens-to-crypto-markets,"Post-FTX, What Happens to Crypto Markets?",Что будет с криптовалютными рынками после FTX?
EN-207,https://cryptopanic.com/news/3889617/BitGive-lanza-su-nueva-plataforma-de-rastreo-de-donaciones-en-bitcoins,Bitgive launches its new donation tracking platform in Bitcoins,Bitgive запускает новую платформу для отслеживания пожертвований в биткоинах
EN-208,https://cryptonews.com/news/vechain-hires-ibm-deloitte-veteran-marketing-director/,VeChain Appoints Former IBM and Deloitte Blockchain Exec as Marketing Director,VeChain назначила директором по маркетингу бывшего руководителя блокчейн-направлений IBM и Deloitte
EN-209,https://cointelegraph.com/news/bcsc-liquitrade-illegal-exchange-ruling,Canada to sanction LiquiTrade for Securities Act violation,Канада накажет LiquiTrade за нарушение закона о ценных бумагах
EN-210,https://decrypt.co/102635/where-is-terras-market-share-going-ethereum-bnb-chain-and-tron,"Where Is Terra's DeFi Market Share Going? Ethereum, BNB Chain, and Tron","Куда уходит доля Terra на рынке DeFi? В Ethereum, BNB Chain и Tron"
EN-211,https://cointelegraph.com/press-releases/plena-crypto-super-app-with-1m-users-launches-plena-token,Plena crypto super app with 1M+ users launches PLENA token,Криптосуперприложение Plena с более чем 1 млн пользователей запускает токен PLENA
EN-212,https://www.coindesk.com/policy/2020/07/23/us-house-passes-two-blockchain-amendments-in-annual-defense-budget-bill,US House Passes Two Blockchain Amendments in Annual Defense Budget Bill,Палата представителей США приняла две поправки о блокчейне в ежегодном законопроекте об оборонном бюджете
EN-213,https://cryptopanic.com/news/6140722/Dominancia-de-Bitcoin-en-el-mercado-se-acrecienta-con-las-noticias-sobre-Libra,Bitcoin dominance in the market increases with the news about Libra,Доминирование биткоина на рынке растёт на фоне новостей о Libra
EN-214,https://cointelegraph.com/news/binance-labs-backs-200m-oasis-ecosystem-fund,Binance Labs backs $200M Oasis Ecosystem Fund,Binance Labs поддержала экосистемный фонд Oasis на $200 млн
EN-215,https://www.coindesk.com/policy/2023/07/20/myanmar-shadow-govt-to-start-neobank-with-crypto-rails-to-fund-fight-against-military-junta,Myanmar Shadow Government to Start Neobank With Crypto Rails to Fund Fight Against Military Junta,Теневое правительство Мьянмы запустит необанк на криптовалютной основе для финансирования борьбы с военной хунтой
EN-216,https://cryptopanic.com/news/3847315/Wall-Street-Continues-to-Experiment-with-Cryptocurrencies-Despite-Crypto-Crash,Wall Street Continues to Experiment with Cryptocurrencies Despite Crypto Crash,"Уолл-стрит продолжает экспериментировать с криптовалютами, несмотря на обвал крипторынка"
EN-217,https://cointelegraph.com/news/monero-enters-overbought-danger-zone-after-xmr-price-gains-75-in-two-weeks,Monero enters 'overbought' danger zone after XMR price gains 75% in two weeks,Monero вошёл в опасную зону «перекупленности» после роста цены XMR на 75% за две недели
EN-218,https://www.coindesk.com/opinion/2023/04/26/us-crypto-regulations-end-crypto-winter-opinion,Please Enjoy the Final Crypto Winter,Наслаждайтесь последней криптозимой
EN-219,https://cryptopanic.com/news/2190041/Actualizan-el-portal-oficial-de-Bitcoin-Bitcoinorg,"The official Bitcoin, Bitcoin.org portal update",Обновление официального портала биткоина Bitcoin.org
EN-220,https://blockworks.co/news/mechanism-capital-launches-100m-fund-focused-on-p2e-gaming,Mechanism Capital Launches $100M Fund Focused on P2E Gaming,Mechanism Capital запускает фонд на $100 млн для игр формата play-to-earn (P2E)
EN-221,https://www.coindesk.com/business/2023/05/25/bitcoins-hot-ordinals-economy-is-getting-a-dollar-backed-stablecoin,Bitcoin's Hot Ordinals Economy is Getting a Dollar-Backed Stablecoin,"Популярная экономика Ordinals в сети биткоина получит стейблкоин, обеспеченный долларом"
EN-222,https://cointelegraph.com/news/memx-exchange-files-list-21shares-xrp-etf-commodity-trust,SEC acknowledges Cboe’s request to list 21Shares XRP ETF,SEC приняла к рассмотрению заявку Cboe на листинг XRP-ETF от 21Shares
EN-223,https://www.coindesk.com/policy/2021/12/28/rbi-recommends-india-implement-basic-version-of-cbdc,India’s Central Bank Recommends Basic Version of CBDC,Центробанк Индии рекомендует базовую версию цифровой валюты центробанка (CBDC)
EN-224,https://cryptopanic.com/news/5490507/Around-The-Block-With-Jeff-And-Dave-Our-First-Podcast,Around The Block With Jeff And Dave – Our First Podcast!,Around The Block с Джеффом и Дейвом — наш первый подкаст!
EN-225,https://www.coindesk.com/learn/everything-you-need-to-know-about-bitcoin-etfs,Everything You Need to Know About Bitcoin ETFs,"Всё, что нужно знать о биткоин-ETF"
EN-226,https://www.coindesk.com/markets/2022/01/12/first-mover-asia-crypto-prices-rise-on-better-than-expected-us-inflation-news,First Mover Asia: Crypto Prices Rise on Better-Than-Expected US Inflation News,First Mover Asia: цены криптовалют растут после данных по инфляции в США лучше ожиданий
EN-227,https://cointelegraph.com/news/lightning-network-releases-emergency-update-after-critical-bug-on-lnd-nodes,Lightning Network releases emergency update after critical bug on LND nodes,Lightning Network выпустила экстренное обновление после критической ошибки в нодах LND
EN-228,https://cointelegraph.com/press-releases/leverj-token-sale-ends-on-december-7th-for-first-decentralized-cryptocurrency-derivatives-trading-platform,Leverj Token Sale Ends on December 7th for First Decentralized Cryptocurrency Derivatives Trading Platform,"Продажа токенов Leverj, первой децентрализованной платформы для торговли криптовалютными деривативами, завершится 7 декабря"
EN-229,https://www.coindesk.com/policy/2022/05/11/germany-publishes-first-nationwide-tax-guide-for-crypto,Germany Publishes First Nationwide Tax Guide for Crypto,Германия опубликовала первое общегосударственное руководство по налогообложению криптовалют
EN-230,https://cryptopanic.com/news/8878934/Bitcoin-boosted-by-surging-interest-in-CBDCs-says-Grayscale,"Bitcoin boosted by surging interest in CBDCs, says Grayscale","Биткоину помогает резкий рост интереса к цифровым валютам центробанков (CBDC), — Grayscale"
EN-231,https://www.coindesk.com/opinion/2024/03/28/is-this-the-end-of-bitcoins-4-year-bullbear-market-cycle,Is This the End of Bitcoin's 4-Year Bull/Bear Market Cycle?,Это конец четырёхлетнего цикла бычьего и медвежьего рынка биткоина?
EN-232,https://blockworks.co/news/tyler-winklevoss-dont-wait-on-government-to-fix-inflation,Tyler Winklevoss: Don’t Wait On Government to Fix Inflation,"Тайлер Уинклвосс: не ждите, что правительство справится с инфляцией"
EN-233,https://cointelegraph.com/news/alternative-yield-strategies-gain-traction-btcfi-and-liquid-restaking-protocols-rising-influence-in-defi,Alternative yield strategies gain traction: BTCfi and liquid restaking protocols' rising influence in DeFi,Альтернативные стратегии доходности набирают популярность: растёт влияние BTCfi и протоколов ликвидного рестейкинга в DeFi
EN-234,https://www.coindesk.com/markets/2020/06/10/radical-indifference-how-surveillance-capitalism-conquered-our-lives,'Radical Indifference': How Surveillance Capitalism Conquered Our Lives,«Радикальное безразличие»: как надзорный капитализм завоевал нашу жизнь
EN-235,https://cryptonews.com/news/btc-holds-steady-near-110k-as-traders-brace-for-bitcoin-conference-headlines-qcp/,BTC Holds Steady Near $110K as Traders Brace for Bitcoin Conference Headlines: QCP,"BTC стабильно держится около $110 тыс., трейдеры готовятся к новостям с биткоин-конференции, — QCP"
EN-236,https://www.coindesk.com/business/2022/11/09/binance-is-strongly-leaning-toward-scrapping-ftx-rescue-takeover-after-first-glance-at-books-source,Binance Is Strongly Leaning Toward Scrapping FTX Rescue Takeover After First Glance at Books: Source,"Binance после первого знакомства с отчётностью всё больше склоняется к отказу от спасительного поглощения FTX, — источник"
EN-237,https://decrypt.co/303783/coinbase-eyes-solana-futures-launch-as-it-ramps-up-derivatives-push,Coinbase Eyes Solana Futures Launch as It Ramps Up Derivatives Push,"Coinbase планирует запустить фьючерсы на Solana, наращивая направление деривативов"
EN-238,https://decrypt.co/146566/ftx-sues-ex-compliance-chief-for-hush-money-payments,FTX Sues Ex-Compliance Chief Over 'Hush Money' Payments,FTX подала в суд на бывшего главу комплаенса из-за выплат «за молчание»
EN-239,https://www.coindesk.com/business/2022/02/28/amc-theatres-will-accept-doge-and-shiba-inu-via-bitpay,AMC Theatres Will Accept DOGE and Shiba Inu via BitPay,Кинотеатры AMC будут принимать DOGE и Shiba Inu через BitPay
EN-240,https://cryptopanic.com/news/509459/Bitcoin-Too-Volatile-for-Goldman-Sachs-Says-CEO,"Bitcoin Too Volatile for Goldman Sachs, Says CEO","Биткоин слишком волатилен для Goldman Sachs, — гендиректор банка"
EN-241,https://cryptonews.com/news/bank-of-americas-hartnett-claims-crypto-and-stock-markets-are-overvalued-after-strong-rallies/,Bank of America Strategist Claims Crypto and Stock Markets are Overvalued,"Стратег Bank of America считает, что криптовалютный и фондовый рынки переоценены"
EN-242,https://cointelegraph.com/news/top-5-cryptocurrencies-to-watch-in-2022-btc-eth-bnb-avax-matic,"Top 5 cryptocurrencies to watch in 2022: BTC, ETH, BNB, AVAX, MATIC","Топ-5 криптовалют, за которыми стоит следить в 2022 году: BTC, ETH, BNB, AVAX, MATIC"
EN-243,https://cointelegraph.com/news/ethw-core-to-push-on-with-ethereum-pow-fork-24-hours-after-merge,ETHW Core to push on with Ethereum PoW fork 24 hours after Merge,ETHW Core проведёт форк Ethereum на PoW через 24 часа после The Merge
EN-244,https://cryptopanic.com/news/2244765/rawtx-Lightning-iOS-,The startup RAWTX has released a Lightning wallet for iOS devices,Стартап RAWTX выпустил Lightning-кошелёк для устройств на iOS
EN-245,https://decrypt.co/219113/bitcoin-ordinals-runestone-airdrop-leonidas-casey-rodarmor-runes,Bitcoin Ordinals Wallets Will Soon Be Showered With Runestones—Here’s What You Need to Know,На кошельки с Ordinals в сети биткоина скоро посыплются Runestones — что нужно знать
EN-246,https://cryptonews.com/news/siberian-power-firm-aims-to-prosecute-400-illegal-crypto-miners/,Siberian Power Firm Aims to Prosecute 400 ‘Illegal’ Crypto Miners,Сибирская энергокомпания добивается уголовного преследования 400 «нелегальных» криптомайнеров
EN-247,https://decrypt.co/69093/koreas-bitcoin-premium-returns-after-falling-to-zero,Korea’s Bitcoin Premium Returns After Falling to Zero,Корейская премия биткоина вернулась после падения до нуля
EN-248,https://www.coindesk.com/business/2022/03/02/evmos-looks-to-jumpstart-ethereumcosmos-interoperability-with-airdrop-mainnet-launch,"Evmos Looks to Jump-Start Ethereum–Cosmos Interoperability With Airdrop, Mainnet Launch",Evmos хочет дать толчок совместимости Ethereum и Cosmos с помощью аирдропа и запуска основной сети
EN-249,https://cryptonews.com/news/whales-on-the-move-pepe-price-drops-4-amid-700m-volume/,Whales on the Move? PEPE Price Drops 4% Amid $700M Volume,Киты пришли в движение? Цена PEPE упала на 4% при объёме торгов $700 млн
EN-250,https://cointelegraph.com/news/21shares-ether-etf-waive-fees,21Shares Ether ETF to waive fees for up to 6 months,ETF на эфир от 21Shares откажется от комиссий на срок до 6 месяцев
EN-251,https://cryptonews.com/news/us-govt-files-forfeiture-action-against-scam-linked-tether-held-in-binance/,US Govt. Files Forfeiture Action Against Scam-Linked Tether Held in Binance,"Правительство США подало иск о конфискации связанных с мошенничеством Tether, хранящихся на Binance"
EN-252,https://decrypt.co/92482/bitcoin-payments-firm-opennode-closes-20m-series-a,Bitcoin Payments Firm OpenNode Closes $20M Series A,Биткоин-платёжная компания OpenNode закрыла раунд A на $20 млн
EN-253,https://www.coindesk.com/markets/2020/05/18/18-months-in-few-people-use-mine-or-buy-privacy-coin-grin,"18 Months In, Few People Use, Mine or Buy Privacy Coin Grin","Спустя 18 месяцев приватную монету Grin мало кто использует, майнит или покупает"
EN-254,https://cointelegraph.com/news/uk-fca-buys-another-9-months-to-review-crypto-companies-registrations,UK FCA buys another 9 months to review crypto companies’ registrations,Британское FCA взяло ещё 9 месяцев на рассмотрение заявок криптокомпаний на регистрацию
EN-255,https://cointelegraph.com/news/lazarus-group-consolidates-bybit-phemex-hacker-wallet,Lazarus Group consolidates Bybit funds into Phemex hacker wallet,"Группировка Lazarus собирает средства Bybit на кошельке хакера, взломавшего Phemex"
EN-256,https://blockworks.co/news/fireblocks-crypto-counterparty-risk,Fireblocks debuts latest tool to combat crypto counterparty risk,Fireblocks представила новый инструмент для борьбы с контрагентским риском в криптовалютах
EN-257,https://cointelegraph.com/press-releases/selfsell-global-roadshow-2018,SelfSell Global Roadshow 2018,Глобальное роуд-шоу SelfSell 2018
EN-258,https://cointelegraph.com/press-releases/tokenizenyc-by-wormhole-and-securitize-unites-leaders-to-chart-future-of-digital-asset-tokenization,Tokenize.NYC by Wormhole and Securitize unites leaders to chart future of digital asset tokenization,"Tokenize.NYC от Wormhole и Securitize собирает лидеров отрасли, чтобы наметить будущее токенизации цифровых активов"
EN-259,https://www.coindesk.com/policy/2020/08/14/a-wechat-ban-should-be-the-moment-for-decentralized-tech-but-its-not,A WeChat Ban Should Be the Moment for Decentralized Tech. But It’s Not.,Запрет WeChat должен был стать звёздным часом децентрализованных технологий. Но не стал
EN-260,https://cointelegraph.com/news/metaplanet-secures-billion-yen-loan-to-buy-more-bitcoin,Metaplanet secures 1B yen loan to buy more Bitcoin,Metaplanet получила заём на 1 млрд иен для покупки биткоина
EN-261,https://cointelegraph.com/news/nifty-news-jack-dorsey-sells-genesis-tweet-for-2-9m-nfts-save-wild-pandas-and-more,"Nifty News: Jack Dorsey sells genesis tweet for $2.9M, NFTs save wild pandas and more","Nifty News: Джек Дорси продал свой первый твит за $2,9 млн, NFT спасают диких панд и другое"
EN-262,https://cointelegraph.com/news/more-than-4-7m-stolen-in-uniswap-fake-token-phishing-attack,More than $4.7M stolen in Uniswap fake token phishing attack,"Более $4,7 млн похищено в ходе фишинговой атаки с поддельным токеном Uniswap"
EN-263,https://blockworks.co/news/dydx-chain-liquid-staking,Liquid staking is now live on dYdX chain,В сети dYdX заработал ликвидный стейкинг
EN-264,https://decrypt.co/73385/dogecoin-price-coinbase-listing-bitcoin-holds-steady,"Dogecoin Price Down 20% Since Coinbase Listing, Bitcoin Holds Steady","Цена Dogecoin упала на 20% после листинга на Coinbase, биткоин держится стабильно"
EN-265,https://www.coindesk.com/markets/2023/05/09/bitcoin-moves-sideways-at-275k-as-investors-await-cpi-inflation-reading,Bitcoin Moves Sideways at $27.5K as Investors Await CPI Inflation Reading,"Биткоин движется вбок у $27,5 тыс.: инвесторы ждут данных по инфляции (CPI)"
EN-266,https://cointelegraph.com/press-releases/the-rare-antiquities-token-rewards-fractional-nfts-to-holders-hits-600,The Rare Antiquities Token rewards fractional NFTs to holders hits 600%,"Токен Rare Antiquities, который вознаграждает держателей долями NFT, «достиг 600%» (оригинал построен неграмотно)"
EN-267,https://www.coindesk.com/policy/2023/04/17/sec-warned-bittrex-of-legal-action-before-firm-announced-us-exit-wsj,SEC Warned Bittrex of Legal Action Before Firm Announced U.S. Exit: WSJ,"SEC предупредила Bittrex о судебном иске до того, как компания объявила об уходе из США, — WSJ"
EN-268,https://www.coindesk.com/markets/2021/04/20/market-wrap-bitcoin-flat-at-567k-ether-rises-and-it-wasnt-dogedays-afternoon,"Market Wrap: Bitcoin Flat at $56.7K, Ether Rises and It Wasn't Dogeday's Afternoon","Итоги рынка: биткоин без изменений на $56,7 тыс., эфир растёт, а у Dogecoin день не задался"
EN-269,https://www.coindesk.com/markets/2020/08/27/prosecutors-detail-shadow-bank-accounts-in-fowler-crypto-case,Prosecutors Detail 'Shadow Bank' Accounts in Fowler Crypto Case,Прокуроры раскрыли подробности о счетах «теневого банка» в криптовалютном деле Фаулера
EN-270,https://cryptopanic.com/news/6102545/Bitcoin-peer-to-peer-trading-is-on-the-rise-says-new-report,Bitcoin peer-to-peer trading is on the rise says new report,"Одноранговая (P2P) торговля биткоином растёт, — новый отчёт"
EN-271,https://www.coindesk.com/policy/2024/04/08/crypto-trader-eisenbergs-110m-fraud-trial-to-put-defi-under-microscope,Crypto Trader Eisenberg's $110M Fraud Trial to Put DeFi Under Microscope,Процесс над криптотрейдером Айзенбергом по делу о мошенничестве на $110 млн поставит DeFi под микроскоп
EN-272,https://www.coindesk.com/markets/2020/12/03/kraken-exchange-to-offer-first-grants-for-open-source-ethereum-projects,Kraken Exchange to Offer First Grants for Open-Source Ethereum Projects,Биржа Kraken выделит первые гранты проектам Ethereum с открытым кодом
EN-273,https://cryptopanic.com/news/5510405/Forbes-Upcoming-Bitcoin-Halving-May-Get-Btc-Price-Back-to-2017-Highs,Forbes: Upcoming Bitcoin Halving May Get Btc Price Back to 2017 Highs,Forbes: предстоящий халвинг может вернуть цену BTC к максимумам 2017 года
EN-274,https://cointelegraph.com/news/bitcoin-so-bullish-at-23k-as-analyst-reveals-new-btc-price-metrics,Bitcoin ‘so bullish’ at $23K as analyst reveals new BTC price metrics,Биткоин на $23 тыс. — это «очень по-бычьи»: аналитик представил новые метрики цены BTC
EN-275,https://cointelegraph.com/news/apple-seeks-to-hire-alternative-payments-manager-with-crypto-experience,Apple seeks to hire 'alternative payments' manager with crypto experience,Apple ищет менеджера по «альтернативным платежам» с опытом в криптовалютах
EN-276,https://www.coindesk.com/policy/2021/12/08/cftc-commissioner-says-us-regulators-should-issue-clear-guidance-before-punishing-crypto-firms-report,CFTC Commissioner Says US Regulators Should Issue Clear Guidance Before Punishing Crypto Firms: Report,"Член CFTC: регуляторы США должны дать чёткие разъяснения, прежде чем наказывать криптокомпании, — СМИ"
EN-277,https://cryptonews.com/news/crypto-regulation-news-weekly-digest-major-nations-commit-to-crypto-tax-reporting-standard-and-eu-issues-draft-stablecoin-guidelines/,Crypto Regulation News Weekly Digest: Major Nations Commit to Crypto Tax Reporting Standard and EU Issues Draft Stablecoin Guidelines,"Еженедельный дайджест новостей о регулировании криптовалют: крупные страны обязались ввести стандарт налоговой отчётности по криптовалютам, ЕС выпустил проект правил для стейблкоинов"
EN-278,https://cointelegraph.com/news/bitcoin-fomc-reaction-btc-price-new-76-5-k-record,Bitcoin preps FOMC reaction as BTC price coils below new $76.5K record,"Биткоин готовится к реакции на решение FOMC: цена BTC сжимается под новым рекордом $76,5 тыс."
EN-279,https://cointelegraph.com/news/imf-pressures-el-salvador-overhaul-bitcoin-regulations,IMF pressures El Salvador to overhaul Bitcoin regulations,"МВФ давит на Сальвадор, требуя пересмотреть регулирование биткоина"
EN-280,https://cryptopanic.com/news/6736264/CFTC-acuso-a-un-ciudadano-por-presunta-estafa-millonaria-con-bitcoin,CFTC accused a citizen for alleged millionaire scam with Bitcoin,CFTC обвинила гражданина в предполагаемой многомиллионной афере с биткоином
EN-281,https://cryptopanic.com/news/1976994/MEWKit-New-Malware-Drains-Ethereum-Wallets-Automatically,MEWKit: New Malware Drains Ethereum Wallets Automatically,MEWKit: новое вредоносное ПО автоматически опустошает кошельки Ethereum
EN-282,https://cryptopanic.com/news/9126458/BitMEX-parent-and-OKCoin-grant-150000-to-Bitcoin-core-developer-Amiti-Uttarwar,"BitMEX parent and OKCoin grant $150,000 to Bitcoin core developer Amiti Uttarwar",Материнская компания BitMEX и OKCoin выделили грант $150 000 разработчику Bitcoin Core Амити Уттарвар
EN-283,https://cointelegraph.com/news/blockchain-association-throws-support-behind-ripple-in-sec-duel,Blockchain Association throws support behind Ripple in SEC duel,Blockchain Association поддержала Ripple в противостоянии с SEC
EN-284,https://blockworks.co/news/celsius-sending-crypto-exchange,Celsius crypto fire sale is starting: $63M out of $160M sent to exchange,Начинается срочная распродажа криптовалюты Celsius: $63 млн из $160 млн отправлены на биржу
EN-285,https://cryptopanic.com/news/4978687/Bitcoin-und-Altcoins-steigen-weiter-im-Kurs,Bitcoin and old coins continue to rise in the course,Биткоин и «старые монеты» продолжают расти в цене (оригинал — неудачный машинный перевод)
EN-286,https://cointelegraph.com/news/nifty-news-marketplace-exploit-on-smol-brains-nft-for-trees-and-metaverse-movies,"Nifty News: Marketplace exploit on Smol Brains, NFT for trees and metaverse movies","Nifty News: взлом маркетплейса Smol Brains, NFT для деревьев и фильмы в метавселенной"
EN-287,https://www.coindesk.com/markets/2022/10/28/dogecoin-cardano-weigh-on-crypto-majors-after-us-tech-stocks-plunge,Cardano Weighs on Crypto Majors After US Tech Stocks Plunge,Cardano тянет вниз крупные криптовалюты после обвала акций технологических компаний США
EN-288,https://cointelegraph.com/news/bitcoin-mining-difficulty-dip-since-2022-btc-price-60k,Bitcoin mining difficulty risks biggest dip since 2022 as BTC price eyes $60K,"Сложности майнинга биткоина грозит крупнейшее снижение с 2022 года, пока цена BTC нацелена на $60 тыс."
EN-289,https://cryptopanic.com/news/14745/MGT-Capital-Raises-24-Million-to-Expand-Bitcoin-Mining-Operation,MGT Capital Raises $2.4 Million to Expand Bitcoin Mining Operation,"MGT Capital привлекла $2,4 млн на расширение майнинга биткоина"
EN-290,https://cointelegraph.com/news/bitcoin-s-velvet-revolution-the-overthrow-of-crony-capitalism,Bitcoin’s Velvet Revolution: The overthrow of crony capitalism,Бархатная революция биткоина: свержение кланового капитализма
EN-291,https://www.coindesk.com/business/2024/11/06/how-trump-could-change-crypto,How Trump Could Change Crypto,Как Трамп может изменить криптовалюты
EN-292,https://www.coindesk.com/learn/what-are-privacy-coins-and-are-they-legal,What Are Privacy Coins and Are They Legal?,Что такое приватные монеты и законны ли они?
EN-293,https://www.coindesk.com/business/2022/08/09/bain-capital-leads-12m-round-for-scalable-blockchain-developer-risc-zero,Bain Capital Leads $12M Round for Scalable Blockchain Developer RISC Zero,Bain Capital возглавила раунд на $12 млн для разработчика масштабируемых блокчейнов RISC Zero
EN-294,https://cryptopanic.com/news/6464396/Precios-minimos-de-bitcoin-por-ano-muestran-su-potencial-a-largo-plazo,Minimum Bitcoin prices per year show their long -term potential,Минимальные годовые цены биткоина показывают его долгосрочный потенциал
EN-295,https://cointelegraph.com/news/the9-signs-green-bitcoin-mining-deal-with-russian-firm-bitriver,The9 signs green Bitcoin mining deal with Russian firm BitRiver,The9 подписала соглашение о «зелёном» майнинге биткоина с российской компанией BitRiver
EN-296,https://cointelegraph.com/news/top-5-cryptocurrencies-to-watch-this-week-btc-ada-uni-link-chz,"Top 5 cryptocurrencies to watch this week: BTC, ADA, UNI, LINK, CHZ","Топ-5 криптовалют, за которыми стоит следить на этой неделе: BTC, ADA, UNI, LINK, CHZ"
EN-297,https://cointelegraph.com/news/bitcoin-rally-is-just-getting-started-says-mati-greenspan,Bitcoin rally is 'just getting started' says Mati Greenspan,"Ралли биткоина «только начинается», — Мати Гринспен"
EN-298,https://www.coindesk.com/business/2023/01/12/crypto-brokerage-blockchaincom-lays-off-28-of-workforce-as-industrys-cruel-winter-continues,Crypto Brokerage Blockchain.com Lays Off 28% of Workforce as Industry's Cruel Winter Continues,Криптоброкер Blockchain.com сокращает 28% сотрудников: суровая зима в отрасли продолжается
EN-299,https://blockworks.co/news/franklin-templeton-ethereum-etf,Franklin Templeton joins race to launch spot ether ETF,Franklin Templeton включилась в гонку за запуск спотового ETF на эфир
EN-300,https://www.coindesk.com/tech/2022/12/01/polygon-apis-to-soon-deploy-on-web-3-indexing-service-the-graph,Polygon APIs to Soon Deploy on Web3 Indexing Service The Graph,API Polygon скоро появятся в сервисе индексации Web3 The Graph
EN-301,https://www.coindesk.com/markets/2019/09/10/netherlands-may-block-foreign-crypto-firms-under-anti-money-laundering-laws,Netherlands May Block Foreign Crypto Firms Under Anti-Money Laundering Laws,Нидерланды могут заблокировать иностранные криптокомпании по законам о противодействии отмыванию денег
EN-302,https://cointelegraph.com/news/this-blockchain-based-social-media-platform-is-going-after-tiktok,This blockchain-based social media platform is going after TikTok,Эта социальная сеть на блокчейне бросает вызов TikTok
EN-303,https://cryptonews.com/news/shiba-inu-price-prediction-trader-says-unusual-setup-could-trigger-this-explosive-move/,Shiba Inu Price Prediction: Trader Says ‘Unusual Setup’ Could Trigger This Explosive Move,"Прогноз цены Shiba Inu: трейдер считает, что «необычная конфигурация» может вызвать взрывное движение"
EN-304,https://cryptopanic.com/news/3295310/ViaBTC-30-ICO-Bitcoin-Cash,VIABTC pool attracted $ 30 million during the ICO on the Bitcoin Cash blockchain,Пул ViaBTC привлёк $30 млн в ходе ICO на блокчейне Bitcoin Cash
EN-305,https://blockworks.co/news/tesla-keeps-holding-184m-worth-of-digital-assets-on-its-balance-sheet,Tesla keeps holding $184M worth of digital assets on its balance sheet,Tesla по-прежнему держит на балансе цифровые активы на $184 млн
EN-306,https://www.coindesk.com/business/2021/12/22/bitcoin-mining-profitability-starts-falling-after-stellar-year-research,Bitcoin Mining Profitability Starts Falling After Stellar Year: Research,"Прибыльность майнинга биткоина начала снижаться после блестящего года, — исследование"
EN-307,https://www.coindesk.com/markets/2019/06/06/bitcoins-2019-price-run-driven-by-real-transaction-growth-analysis-shows,"Bitcoin's 2019 Price Run Driven By Real Transaction Growth, Analysis Shows","Рост цены биткоина в 2019 году обеспечен реальным ростом числа транзакций, — анализ"
EN-308,https://www.coindesk.com/policy/2022/04/18/frances-crypto-industry-fights-institutional-caution,France's Crypto Industry Fights Institutional Caution,Криптоиндустрия Франции борется с осторожностью финансовых институтов
EN-309,https://blockworks.co/news/crypto-financial-journalism-issues,"I’m a crypto journalist, just please don’t tell anyone","Я криптожурналист — только, пожалуйста, никому не говорите"
EN-310,https://www.coindesk.com/markets/2022/02/10/bitcoin-miner-cleanspark-surges-on-plan-to-sell-legacy-energy-business,Bitcoin Miner CleanSpark Surges on Plan to Sell Legacy Energy Business,Биткоин-майнер CleanSpark взлетел на новостях о планах продать прежний энергетический бизнес
EN-311,https://www.coindesk.com/markets/2025/04/17/panama-city-greenlights-bitcoin-ether-payments-for-tax-and-city-services,"Panama City Greenlights Bitcoin (BTC), Ether (ETH) Payments for Tax and City Services",Город Панама разрешил оплату налогов и городских услуг в биткоине (BTC) и эфире (ETH)
EN-312,https://cointelegraph.com/news/uk-law-commission-dao-legal-reforms,UK Law Commission sees no need for DAO-specific legal entity,Юридическая комиссия Великобритании не видит необходимости в особой правовой форме для DAO
EN-313,https://cryptopanic.com/news/9180548/Circles-USDC-ends-its-monogamous-relationship-with-Ethereum,Circle's USDC ends its monogamous relationship with Ethereum,USDC от Circle заканчивает «моногамные отношения» с Ethereum
EN-314,https://cointelegraph.com/news/nydig-raises-720m-as-bitcoin-balance-hits-all-time-high,NYDIG raises $720M as Bitcoin balance hits all-time high,NYDIG привлекла $720 млн на фоне рекордного объёма биткоинов на балансе
EN-315,https://cointelegraph.com/news/dogecoin-mining-announcement-crashes-streaming-company-s-website,Dogecoin mining announcement crashes streaming company's website,Объявление о майнинге Dogecoin обрушило сайт стриминговой компании
EN-316,https://cryptopanic.com/news/4734807/Circle-SeedInvest,Circle completed the purchase of the Craudfanding Platform SEEDIDINVEST,Circle завершила покупку краудфандинговой платформы SeedInvest
EN-317,https://www.coindesk.com/tech/2025/01/08/the-protocol-hyperliquid-responds-to-decentralization-criticism,The Protocol: Hyperliquid Responds to Decentralization Criticism,The Protocol: Hyperliquid ответила на критику своей децентрализации
EN-318,https://cointelegraph.com/news/bitcoin-price-more-correlated-to-ftx-developments-than-macro-events-research,Bitcoin price more correlated to FTX developments than macro events: Research,"Цена биткоина больше зависит от событий вокруг FTX, чем от макроэкономики, — исследование"
EN-319,https://cryptonews.com/news/qatar-crypto-framework-q4-2024-digital-assets-strategy/,Qatar to Implement Crypto Framework by Year-End 2024,Катар введёт правила для криптовалют к концу 2024 года
EN-320,https://cryptopanic.com/news/5157944/Primer-cajero-de-bitcoin-24-horas-en-Argentina-llega-a-Palermo,First 24 -hour Bitcoin ATM in Argentina arrives in Palermo,Первый круглосуточный биткоин-банкомат в Аргентине появился в Палермо
EN-321,https://cryptopanic.com/news/3238100/Bitcoin-BTC-Continues-Consolidation-as-Bulls-and-Bears-Battle,Bitcoin [BTC] Continues Consolidation as Bulls and Bears Battle,Биткоин [BTC] продолжает консолидацию в борьбе быков и медведей
EN-322,https://decrypt.co/83284/binance-delist-chinese-yuan-block-crypto-traders-mainland-china,"Binance to Delist Chinese Yuan, Block Crypto Traders in Mainland China",Binance исключит из листинга китайский юань и заблокирует криптотрейдеров из материкового Китая
EN-323,https://www.coindesk.com/markets/2020/12/27/israelis-must-now-disclose-crypto-holdings-report,Israelis Must Now Disclose Crypto Holdings: Report,"Израильтяне теперь обязаны декларировать криптовалюту, — СМИ"
EN-324,https://www.coindesk.com/markets/2021/04/08/boj-wants-to-set-common-rules-on-cbdcs-with-major-central-banks-report,BOJ Wants to Set ‘Common Rules’ on CBDCs With Major Central Banks: Report,"Банк Японии хочет выработать с крупнейшими центробанками «общие правила» для CBDC, — СМИ"
EN-325,https://www.coindesk.com/markets/2019/08/05/the-terra-stablecoin-is-partnering-with-a-south-korean-fashion-market,The Terra Stablecoin Is Partnering With a South Korean Fashion Market,Стейблкоин Terra заключает партнёрство с южнокорейским рынком одежды
EN-326,https://cryptopanic.com/news/5549488/Operadora-AT038T-passa-a-aceitar-Bitcoin,Operator at & t starts to accept bitcoin,Оператор AT&T начинает принимать биткоин
EN-327,https://blockworks.co/news/bitcoin-nostalgia-2010s-rise-and-rise-daniel-mross,Two cures to treat Bitcoin nostalgia for the 2010s,Два средства от ностальгии по биткоину 2010-х
EN-328,https://www.coindesk.com/markets/2020/03/20/tether-stablecoin-launches-on-its-seventh-blockchain,Tether Stablecoin Launches on Its Seventh Blockchain,Стейблкоин Tether запущен на седьмом блокчейне
EN-329,https://cointelegraph.com/news/price-analysis-5-27-spx-dxy-btc-eth-bnb-sol-xrp-ton-doge-ada,"Price analysis 5/27: SPX, DXY, BTC, ETH, BNB, SOL, XRP, TON, DOGE, ADA","Анализ цен, 27 мая: SPX, DXY, BTC, ETH, BNB, SOL, XRP, TON, DOGE, ADA"
EN-330,https://cointelegraph.com/news/crypto-advisory-council-bitcoin-strategic-reserve,Industry execs seek positions on Trump’s crypto advisory council,Руководители отрасли добиваются мест в криптовалютном консультативном совете Трампа
EN-331,https://cryptopanic.com/news/8445492/Bitcoin-price-breaks-back-above-7000,"Bitcoin price breaks back above $7,000",Цена биткоина снова поднялась выше $7000
EN-332,https://cryptonews.com/news/exclusive-galxe-ceo-harry-zhang-on-digital-identity-ai-trading-insights-and-the-launch-of-gravity-l1/,"Exclusive: Galxe CEO Harry Zhang on Digital Identity, AI Trading Insights, and the Launch of Gravity L1","Эксклюзив: гендиректор Galxe Гарри Чжан о цифровой идентичности, ИИ-аналитике для трейдинга и запуске блокчейна первого уровня Gravity"
EN-333,https://www.coindesk.com/markets/2022/09/20/first-mover-asia-where-in-the-world-is-do-kwon-terra-co-founders-absence-highlights-the-complications-of-extradition-cryptos-climb-ahead-of-fomc,First Mover Asia: Where in the World Is Do Kwon? Terra Co-Founder’s Absence Highlights the Complications of Extradition; Cryptos Climb Ahead of FOMC,First Mover Asia: где же До Квон? Отсутствие сооснователя Terra показывает сложности экстрадиции; криптовалюты растут перед заседанием FOMC
EN-334,https://cointelegraph.com/news/don-t-be-delusional-decentralization-doesn-t-compensate-for-regulation,Don’t be delusional: Decentralization doesn’t compensate for regulation,Не обманывайтесь: децентрализация не заменяет регулирование
EN-335,https://www.coindesk.com/markets/2021/10/04/fridays-crypto-market-breakout-caused-massive-short-covering-may-be-technically-significant-fsinsight,"Friday’s Crypto-Market Breakout Caused Massive Short Covering, May Be Technically Significant: FSInsight","Пятничный прорыв на крипторынке вызвал массовое закрытие коротких позиций и может быть значимым с технической точки зрения, — FSInsight"
EN-336,https://cryptopanic.com/news/1592553/Unocoin,Unocoin: There is no question of any bitcoin in India,"Unocoin: ни о каком биткоине в Индии вопроса нет (оригинал — неудачный машинный перевод, смысл неясен)"
EN-337,https://cryptonews.com/news/adgm-and-chainlink-to-develop-tokenization-and-blockchain-frameworks/,ADGM and Chainlink to Develop Tokenization and Blockchain Frameworks,ADGM и Chainlink разработают правила для токенизации и блокчейна
EN-338,https://cointelegraph.com/news/terraform-labs-co-founder-on-s-korea-crosshair-following-do-kwon-arrest,Terra co-founder in S.Korean crosshairs following Do Kwon arrest,После ареста До Квона южнокорейские власти взялись за сооснователя Terra
EN-339,https://www.coindesk.com/business/2022/01/26/miners-remain-unfazed-by-crypto-sell-off-expect-more-ma,"Miners Remain Unfazed by Crypto Sell-Off, Expect More M&A","Майнеров не смущает распродажа на крипторынке, они ждут новых слияний и поглощений"
EN-340,https://www.coindesk.com/business/2022/09/20/a16z-leads-515m-round-for-web3-fraud-protection-startup-sardine,A16z Leads $51.5M Round for Web3 Fraud Protection Startup Sardine,"A16z возглавил раунд на $51,5 млн для стартапа Sardine, защищающего Web3 от мошенничества"
EN-341,https://www.coindesk.com/business/2021/10/14/binance-appoints-its-first-chief-regulatory-liaison-officer,Binance Appoints Its First Chief Regulatory Liaison Officer,Binance назначила первого директора по связям с регуляторами
EN-342,https://decrypt.co/109335/google-cloud-validate-transactions-axie-infinity-ronin-network,Google Cloud to Validate Transactions on Axie Infinity’s Ronin Network,Google Cloud будет подтверждать транзакции в сети Ronin от Axie Infinity
EN-343,https://cryptonews.com/news/poloniex-hacker-funnels-3-4-million-through-tornado-cash-mixer/,Poloniex Hacker Reportedly Funnels $3.4 Million through Tornado Cash Mixer,"Хакер, взломавший Poloniex, по сообщениям, пропустил $3,4 млн через миксер Tornado Cash"
EN-344,https://www.coindesk.com/markets/2021/01/29/robinhood-limits-cryptocurrency-trading-citing-extraordinary-market-conditions,Robinhood Limits Cryptocurrency Trading Citing 'Extraordinary Market Conditions',"Robinhood ограничила торговлю криптовалютами, сославшись на «чрезвычайные рыночные условия»"
EN-345,https://cointelegraph.com/news/bitcoin-bulls-rush-into-long-positions-ahead-of-may-7-fed-fomc-interest-rate-decision,Bitcoin bulls rush into long positions ahead of May 7 Fed FOMC interest rate decision,Быки по биткоину массово открывают длинные позиции перед решением FOMC по ставке 7 мая
EN-346,https://blockworks.co/news/bitcoin-ethereum-5-fall,"BTC and ETH fall close to 5%, leaving analysts scratching their heads","BTC и ETH упали почти на 5%, аналитики в недоумении"
EN-347,https://www.coindesk.com/markets/2024/12/16/bitcoin-soars-to-record-high-above-106-k-then-retreats-as-hawkish-fed-rate-cut-looms,"Bitcoin (BTC) Price Soars to $106K, Then Retreats as Hawkish Fed Rate Cut Looms","Цена биткоина (BTC) взлетела до $106 тыс., а затем отступила в ожидании «ястребиного» снижения ставки ФРС"
EN-348,https://cointelegraph.com/news/alameda-wallets-funnel-over-1-7m-via-crypto-mixers-overnight,Alameda wallets funnel over $1.7M via crypto mixers overnight,"С кошельков Alameda за ночь через криптомиксеры выведено более $1,7 млн"
EN-349,https://decrypt.co/118449/shopify-merchants-can-now-sell-avalanche-nfts-through-their-online-stores,Shopify Merchants Can Now Sell Avalanche NFTs Through Their Online Stores,Продавцы на Shopify теперь могут продавать NFT на Avalanche через свои интернет-магазины
EN-350,https://cryptopanic.com/news/3079894/R3s-Hearn-and-Brown-Say-Enterprise-Blockchains-Day-of-Reckoning-Is-Here,R3's Hearn and Brown Say Enterprise Blockchain's Day of Reckoning Is Here,Хёрн и Браун из R3: для корпоративного блокчейна настал час расплаты
EN-351,https://cryptopanic.com/news/5539010/CEO-eToro,CEO of the Etoro platform predicted the revival of the cryptocurrency market,Гендиректор платформы eToro предсказал оживление криптовалютного рынка
EN-352,https://cryptopanic.com/news/1640980/Bitcoin-Day-Celebrations-Show-Argentinas-Love-for-Cryptocurrencies,Bitcoin Day Celebrations Show Argentina’s Love for Cryptocurrencies,Празднование Дня биткоина показывает любовь Аргентины к криптовалютам
EN-353,https://cointelegraph.com/news/altcoin-roundup-market-cycle-analysis-screamed-take-profit-ahead-of-may-19-sell-off,Altcoin Roundup: Market cycle analysis screamed 'take profit’ ahead of May 19 sell-off,Обзор альткоинов: анализ рыночного цикла кричал «фиксируйте прибыль» перед распродажей 19 мая
EN-354,https://decrypt.co/63119/indian-gov-companies-must-disclose-crypto-holdings,Indian Gov: Companies Must Disclose Crypto Holdings,Правительство Индии: компании обязаны раскрывать свои криптоактивы
EN-355,https://cointelegraph.com/news/what-s-next-for-the-future-of-ethereum-mihailo-bjelic-from-polygon-explains,What’s next for the future of Ethereum? Mihailo Bjelic from Polygon explains,Что ждёт Ethereum в будущем? Объясняет Михайло Бьелич из Polygon
EN-356,https://cointelegraph.com/news/gaming-opportunity-crypto-mass-adoption-polygon-sandeep-nailwal,Gaming is the ‘largest scale opportunity’ for crypto — Polygon co-founder,"Игры — «крупнейшая возможность» для криптовалют, — сооснователь Polygon"
EN-357,https://cointelegraph.com/news/eth2-devs-put-out-call-to-community-to-help-test-out-the-merge,Eth2 devs call on to community to help test out the merge,Разработчики Eth2 призывают сообщество помочь протестировать слияние (The Merge)
EN-358,https://cryptopanic.com/news/5790788/Este-minero-casero-de-bajo-costo-ahora-puede-minar-bitcoins,This low -cost homemade miner can now undermine Bitcoins,"Этот дешёвый самодельный майнер теперь может «подрывать» биткоины (оригинал — неудачный машинный перевод; вероятно, имелось в виду «добывать»)"
EN-359,https://www.coindesk.com/business/2021/05/25/techcrunch-founders-apartment-to-be-sold-as-nft,TechCrunch Founder's Apartment to Be Sold as NFT,Квартиру основателя TechCrunch продадут в виде NFT
EN-360,https://decrypt.co/144741/ethereum-cardano-dogecoin-lead-weekly-crypto-losses,"Ethereum, Cardano, and Dogecoin Lead Weekly Crypto Losses","Ethereum, Cardano и Dogecoin лидируют по потерям среди криптовалют за неделю"
EN-361,https://cryptopanic.com/news/10010829/Worth-Over-1-Billion-Tokenized-Bitcoins-on-Ethereum-Tops-100000,"Worth Over $1 Billion: Tokenized Bitcoins on Ethereum Tops 100,000",Больше чем на $1 млрд: число токенизированных биткоинов в Ethereum превысило 100 000
EN-362,https://cointelegraph.com/news/3-reasons-why-ethereum-market-cap-dominance-is-rising,3 reasons why Ethereum’s market cap dominance is on the rise,"3 причины, почему доля Ethereum в рыночной капитализации растёт"
EN-363,https://cointelegraph.com/news/russia-legalizes-bitcoin-cryptocurrency-mining,Russia legalizes Bitcoin and cryptocurrency mining,Россия легализовала майнинг биткоина и криптовалют
EN-364,https://cryptonews.com/news/bitcoin-is-trading-at-91273-increasing-by-0-88-on-tuesday/,"Bitcoin Price Analysis: BTC Holds Near $91,000 as Trump’s Pro-Crypto Policies Spark Investor Optimism","Анализ цены биткоина: BTC держится около $91 000, прокриптовалютная политика Трампа вселяет в инвесторов оптимизм"
EN-365,https://cointelegraph.com/news/beware-of-soft-rugs-a-growing-menace-in-decentralized-finance,Beware of ‘soft rugs’ — A growing menace in decentralized finance,Остерегайтесь «мягких рагпуллов» — растущей угрозы в децентрализованных финансах
EN-366,https://www.coindesk.com/policy/2023/04/17/ryuk-ransomware-gangs-crypto-broker-gets-light-sentence-after-a-guilty-plea,Ryuk Ransomware Gang’s Crypto Broker Gets Light Sentence After a Guilty Plea,Криптоброкер банды вымогателей Ryuk получил мягкий приговор после признания вины
EN-367,https://cryptonews.com/news/bitcoin-to-sub-20000-next-heres-what-options-markets-say-about-the-btc-price-outlook/,"Bitcoin to Sub-$20,000 Next? Here’s What Options Markets Say About the BTC Price Outlook",Следующая остановка биткоина — ниже $20 000? Что говорит рынок опционов о перспективах цены BTC
EN-368,https://cryptopanic.com/news/10353284/Abra,The head of the ABRA application translated half of personal savings to Bitcoin,Глава приложения Abra перевёл половину личных сбережений в биткоин
EN-369,https://cointelegraph.com/news/these-4-memecoins-can-outperform-bitcoin-this-cycle,These 4 memecoins can outperform Bitcoin this cycle,Эти 4 мемкоина могут обогнать биткоин в этом цикле
EN-370,https://decrypt.co/234333/semler-doubles-down-on-microstrategy-playbook-with-150-million-bitcoin-buy,Semler Doubles Down on MicroStrategy Playbook With $150 Million Bitcoin Buy,"Semler удваивает ставку на стратегию MicroStrategy, купив биткоин на $150 млн"
EN-371,https://cryptonews.com/news/ethereum-developers-make-second-attempt-launch-holesky-testnet-after-previous-flop/,Ethereum Developers Make Second Attempt to Launch Holesky Testnet After Previous Flop,Разработчики Ethereum предпринимают вторую попытку запустить тестовую сеть Holesky после провала первой
EN-372,https://blockworks.co/news/solayer-solana-restaking-platform-live,Solayer’s Solana restaking platform is live,Платформа рестейкинга Solana от Solayer заработала
EN-373,https://decrypt.co/285491/argentina-stablecoin-use-booms-inflation,Stablecoin Use Booms in Argentina as Inflation Skyrockets: Report,"Использование стейблкоинов в Аргентине резко растёт на фоне взлёта инфляции, — отчёт"
EN-374,https://cointelegraph.com/news/terraform-labs-bankruptcy-will-aid-sec-suit-appeal,Terraform Labs says bankruptcy will aid appeal of SEC suit,"Terraform Labs заявляет, что банкротство поможет обжаловать иск SEC"
EN-375,https://cryptonews.com/news/bitget-executive-reveals-ais-optimization-of-crypto-exchange-operations/,Bitget Executive Reveals AI’s Optimization of Crypto Exchange Operations,"Топ-менеджер Bitget рассказал, как ИИ оптимизирует работу криптобиржи"
EN-376,https://decrypt.co/250824/federal-judges-skewer-sec-bitcoin-ethereum,"Federal Judges Skewer SEC for Refusing to Answer Straight Questions on Bitcoin, Ethereum",Федеральные судьи раскритиковали SEC за отказ прямо ответить на вопросы о биткоине и Ethereum
EN-377,https://www.coindesk.com/markets/2019/12/24/looking-backward-to-build-the-future-how-academia-is-shifting-its-blockchain-focus,Looking Backward to Build the Future: How Academia Is Shifting Its Blockchain Focus,"Оглядываясь назад, чтобы строить будущее: как академическая наука меняет фокус исследований блокчейна"
EN-378,https://cryptopanic.com/news/5703729/Bitcoin-Price-Analysis-BTC-Finally-Breaks-Up-2019-New-High-Soon,"Bitcoin Price Analysis: BTC Finally Breaks Up, 2019 New High Soon?",Анализ цены биткоина: BTC наконец пробил уровень вверх — скоро новый максимум 2019 года?
EN-379,https://cryptopanic.com/news/4502609/BNB-Becomes-a-Top-10-Cryptocurrency-Binance-Lists-10-Ways-Its-Ecosystem-Drives-the-Coin,"BNB Becomes a Top 10 Cryptocurrency, Binance Lists 10 Ways Its Ecosystem Drives the Coin","BNB вошёл в топ-10 криптовалют, Binance перечисляет 10 способов, которыми её экосистема поддерживает монету"
EN-380,https://www.coindesk.com/markets/2023/01/09/jefferies-initiates-coverage-of-crypto-exchange-coinbase-with-hold-rating,Jefferies Initiates Coverage of Crypto Exchange Coinbase With ‘Hold’ Rating on Near-Term Concerns,Jefferies начала аналитическое покрытие криптобиржи Coinbase с рейтингом «держать» из-за краткосрочных опасений
EN-381,https://www.coindesk.com/tech/2020/04/23/bitcoin-messenger-explores-censorship-resistance-during-coronavirus-crisis,Bitcoin Messenger Explores Censorship Resistance During Coronavirus Crisis,Биткоин-мессенджер испытывает устойчивость к цензуре во время кризиса из-за коронавируса
EN-382,https://cointelegraph.com/news/abstract-l2-wallet-drain-cardex-security-issue,"Ethereum L2 Abstract hit by wallet drain, ties to Cardex suspected","Блокчейн второго уровня Ethereum Abstract пострадал от опустошения кошельков, подозревается связь с Cardex"
EN-383,https://cryptopanic.com/news/3420218/6800,Bitcoin price: bulls need to overcome $ 6800,Цена биткоина: быкам нужно преодолеть $6800
EN-384,https://blockworks.co/news/can-intel-chip-away-at-the-17b-bitcoin-mining-market-with-new-asic,Can Intel Chip Away at the $17B Bitcoin Mining Market With New ASIC?,Сможет ли Intel откусить часть рынка майнинга биткоина объёмом $17 млрд с новым ASIC?
EN-385,https://www.coindesk.com/tech/2024/04/24/protocol-village,Protocol Village: Chainlink CCIP to Power New 'FIX-Native Blockchain Adapter' With Rapid Addition,Protocol Village: Chainlink CCIP станет основой нового «блокчейн-адаптера для протокола FIX» от Rapid Addition
EN-386,https://www.coindesk.com/business/2023/11/02/coinbase-beats-3q-earnings-sales-but-trading-revenue-fell,Coinbase Beats Q3 Earnings Estimates While Trading Volume Falls,"Прибыль Coinbase в III квартале превзошла прогнозы, хотя объём торгов снизился"
EN-387,https://cointelegraph.com/news/quantum-computing-bitcoin-lost-wallet-threat-tether-ceo,Quantum computing will bring lost Bitcoin 'back in circulation’ — Tether CEO,"Квантовые вычисления «вернут в оборот» потерянные биткоины, — гендиректор Tether"
EN-388,https://cointelegraph.com/news/four-suspected-killing-bitcoiner-stealing-170000-dollars,"4 suspects forced a Bitcoiner to transfer BTC before killing him, police say","Четверо подозреваемых заставили биткоинера перевести BTC, а затем убили его, — полиция"
EN-389,https://cointelegraph.com/news/bitcoin-1-trillion-market-cap,Bitcoin breaches $1 trillion market cap,Капитализация биткоина превысила $1 трлн
EN-390,https://www.coindesk.com/web3/2023/06/30/harry-styles-concert-app-takes-fans-in-more-than-one-direction-with-blockchain-rewards,Harry Styles Concert App Takes Fans in More Than One Direction With Blockchain Rewards,Приложение для концертов Гарри Стайлза ведёт фанатов «не в одном направлении» с помощью наград на блокчейне
EN-391,https://cryptonews.com/news/ripple-cto-issues-warning-against-xrp-scams-amidst-surge-price/,Ripple CTO Issues Warning Against XRP Scams Amidst Surge in Price,Технический директор Ripple предупредил о мошенничестве с XRP на фоне резкого роста цены
EN-392,https://cryptopanic.com/news/10232740/Bank-of-England-Governor-Says-Bitcoin-Makes-Him-Very-Nervous,"Bank of England Governor Says Bitcoin Makes Him ""Very Nervous""","Глава Банка Англии признался, что биткоин его «очень нервирует»"
EN-393,https://decrypt.co/100719/polygon-gaming-platform-freshcut-raises-15m,Polygon-Based Gaming Platform FreshCut Raises $15M,Игровая платформа FreshCut на Polygon привлекла $15 млн
EN-394,https://cointelegraph.com/press-releases/iost-is-the-first-batch-of-blockchains-to-support-husd-stablecoin,IOST is the first batch of blockchains to support HUSD stablecoin,"IOST — в числе первых блокчейнов, поддержавших стейблкоин HUSD"
EN-395,https://cryptopanic.com/news/6035102/Ripple-XRP-Is-Approaching-the-027-Support-Zone-How-Low-Might-XRP-Slump,Ripple (XRP) Is Approaching the $0.27 Support Zone. How Low Might XRP Slump?,"Ripple (XRP) приближается к зоне поддержки $0,27. Насколько глубоко может упасть XRP?"
EN-396,https://blockworks.co/news/optimism-interoperability-layer-superchain,Optimism plans to unify its Superchain with an interoperability layer,Optimism планирует объединить свою Superchain с помощью слоя совместимости
EN-397,https://cointelegraph.com/news/ukrainian-pharmacies-enable-crypto-payments-via-binance-pay,Ukrainian pharmacies enable crypto payments via Binance Pay,Украинские аптеки начали принимать криптовалюту через Binance Pay
EN-398,https://www.coindesk.com/markets/2024/03/18/reddit-community-token-moon-hits-record-high-ahead-of-celers-multidirectional-bridge-launch,Reddit Community Token MOON Hits Record High Ahead of Celer's Multidirectional Bridge Launch,Токен сообщества Reddit MOON обновил рекорд перед запуском многостороннего моста Celer
EN-399,https://cointelegraph.com/news/time-to-ditch-bitcoin-power-law-theory,It's time to ditch Bitcoin Power Law Theory,Пора отказаться от теории степенного закона для биткоина
EN-400,https://blockworks.co/news/toroso-investments-proposes-leveraged-inverse-etfs-based-on-blok,"Toroso Investments Proposes Leveraged, Inverse ETFs Based on BLOK",Toroso Investments предлагает ETF с плечом и обратные ETF на основе BLOK
